단원,대주제,프로젝트명,프로젝트ID,URL,썸네일URL,주석
STEP 1,"코딩 개념 이해하고 순차, 반복, 기본 조건문을 활용한 게임 만들기",초원 달리기,1163587263,https://scratch.mit.edu/projects/1163587263/,https://uploads.scratch.mit.edu/get_image/project/1163587263_480x360.png,"[Panther]
- [프로젝트 개요]
이 프로젝트는 두 마리의 표범 스프라이트가 달리기 시합을 하는 프로그램입니다. Panther와 Panther2가 🚩 초록색 깃발을 누르면 각각 다른 방법으로 앞으로 달려갑니다. 깃발을 클릭해서 두 표범의 움직임이 어떻게 다른지 비교해 보세요!

[1단계: 표범들의 달리기 시합]
목표: 🚩 깃발을 누르면 두 마리의 표범이 앞으로 움직입니다.

■ Panther

1.🚩 [클릭했을 때] 가져오기

2. [100 만큼 움직이기] 아래에 붙이기
[Panther2]
- [1단계: 표범들의 달리기 시합]
목표: 🚩 깃발을 누르면 두 마리의 표범이 앞으로 움직입니다.

■ Panther2

1. 🚩 [클릭했을 때] 가져오기
2. 🔁 [10 번 반복하기] 아래에 붙이기

* ➡ [10 만큼 움직이기] 안쪽에 넣기

---

[🏆 응용 미션 / 도전 과제]

1. 표범들이 신나게 달리다가 화면 구석의 벽에 닿았을 때, 튕겨서 반대로 돌아오게 만들 수 있을까요?
2. 🚩 깃발을 새로 누를 때마다 두 표범이 항상 똑같은 시작 위치에서 출발하게 하려면 어떤 블록을 연결해야 할까요?
3. 두 표범이 서로 다른 속도로 달리게 만드려면 어떻게 해야할까요?"
STEP 1,"코딩 개념 이해하고 순차, 반복, 기본 조건문을 활용한 게임 만들기",로봇 조종하기,1163593312,https://scratch.mit.edu/projects/1163593312/,https://uploads.scratch.mit.edu/get_image/project/1163593312_480x360.png,"[Robot]
- [개요]
화살표 키와 숫자 키를 누를 때마다 좌표를 바꾸고 이동하는 로봇을 만들어 봅시다.
화면에 있는 선과 숫자들이 보이나요?
화면 가운데를 지나가는 가로선을 x좌표, 세로선을 y좌표라고 생각하면 된답니다.

x좌표는 가운데가 0, 오른쪽으로 갈수록 숫자가 커지고, 왼쪽으로 갈수록 숫자가 마이너스가 됩니다.
y좌표는 가운데가 0, 위쪽으로 갈수록 숫자가 커지고, 아래쪽으로 갈수록 숫자가 마이너스가 됩니다.
블록을 완성하고, 숫자를 바꿔보며 좌표를 이해해 봅시다.


[과정]
◎ 위쪽 화살표 키를 눌렀을 때
1. y좌표를 10만큼 바꾸기


◎ 아래쪽 화살표 키를 눌렀을 때
1. y좌표를 -10만큼 바꾸기


◎ 오른쪽 화살표 키를 눌렀을 때
1. x좌표를 10만큼 바꾸기


◎ 왼쪽 화살표 키를 눌렀을 때
1. x좌표를 -10만큼 바꾸기



Q1. 화살표 키들을 한 번씩 눌러보며 로봇이 어떻게 움직이는지 확인해 봅시다. 
Q2. 각 블록의 숫자를 바꾼 후 화살표 키를 눌러봅시다. 어떤 변화가 생기나요?
- [프로젝트 개요]
이 프로젝트는 화살표 키와 숫자 키를 이용하여 로봇 스프라이트를 자유롭게 움직이는 프로그램입니다. 초록색 깃발을 누르면 로봇이 화면 한가운데에서 출발할 준비를 하고, 키보드를 누르는 대로 상하좌우나 정해진 위치로 순간이동하며 움직입니다.

---

[1단계: 로봇의 시작 위치 정하기]
목표: 🚩 깃발을 누르면 로봇이 화면 정중앙에 위치하도록 만듭니다.

■ Robot

1. 🚩 [클릭했을 때] 가져오기
2. 📍 [x: 0 y: 0 (으)로 이동하기] 연결하기

---

[2단계: 화살표 키로 움직이기]
목표: ⌨ 키보드의 상하좌우 화살표 키를 누르면 로봇이 10만큼씩 걸어갑니다.

■ Robot

1. 🚩 [위쪽 화살표 키를 눌렀을 때] 가져오기
2. ⬆ [y좌표를 10 만큼 바꾸기] 연결하기
3. 🚩 [아래쪽 화살표 키를 눌렀을 때] 가져오기
4. ⬇ [y좌표를 -10 만큼 바꾸기] 연결하기
5. 🚩 [왼쪽 화살표 키를 눌렀을 때] 가져오기
6. ⬅ [x좌표를 -10 만큼 바꾸기] 연결하기
7. 🚩 [오른쪽 화살표 키를 눌렀을 때] 가져오기
8. ➡ [x좌표를 10 만큼 바꾸기] 연결하기

---

[3단계: 숫자 키로 순간이동하기]
목표: ⌨ 숫자 키를 누르면 로봇이 정해진 위치로 한 번에 순간이동합니다.

■ Robot

1. 🚩 [5 키를 눌렀을 때] 가져오기
2. 📍 [x좌표를 0 (으)로 정하기] 연결하기
3. 📍 [y좌표를 0 (으)로 정하기] 아래에 붙이기
4. 🚩 [2 키를 눌렀을 때] 가져오기
5. 📍 [x좌표를 0 (으)로 정하기] 연결하기
6. 📍 [y좌표를 -100 (으)로 정하기] 아래에 붙이기
7. 🚩 [4 키를 눌렀을 때] 가져오기
8. 📍 [x좌표를 -100 (으)로 정하기] 연결하기
9. 📍 [y좌표를 0 (으)로 정하기] 아래에 붙이기
10. 🚩 [6 키를 눌렀을 때] 가져오기
11. 📍 [x좌표를 100 (으)로 정하기] 연결하기
12. 📍 [y좌표를 0 (으)로 정하기] 아래에 붙이기
13. 🚩 [8 키를 눌렀을 때] 가져오기
14. 📍 [x좌표를 0 (으)로 정하기] 연결하기
15. 📍 [y좌표를 100 (으)로 정하기] 아래에 붙이기

---

[🏆 응용 미션 / 도전 과제]

1. 로봇이 움직일 때마다 부드럽게 걸어가는 것처럼 보이도록 모양을 바꾸게 할 수 있을까요?
2. 숫자 키를 눌러서 순간이동할 때 ""뿅!"" 하는 재미있는 소리가 나게 하려면 어떤 블록을 연결해야 할까요?
3. 로봇이 화면 밖으로 벽을 뚫고 나가지 못하게 막으려면 어떻게 코드를 추가해야 할까요?"
STEP 1,"코딩 개념 이해하고 순차, 반복, 기본 조건문을 활용한 게임 만들기",자기소개하기,1164958899,https://scratch.mit.edu/projects/1164958899/,https://uploads.scratch.mit.edu/get_image/project/1164958899_480x360.png,"[Avery]
- [프로젝트 개요]
이 프로젝트는 초록색 깃발을 누르면 Avery, Dee, Devin 세 친구가 등장하여 서로 대화를 나누는 프로그램입니다. 친구들이 동시에 첫인사를 건넨 뒤, 각자 좋아하는 것에 대해 이야기하거나 생각을 주고받습니다.

[1단계: 다 함께 첫인사 나누기]
목표: 🚩 깃발을 누르면 세 친구가 동시에 첫인사를 합니다.

1.🚩 [클릭했을 때] 가져오기

2. [안녕! 을(를) 2 초 동안 말하기] 연결하기

[2단계: 대화 이어가기]
목표: 첫인사가 끝난 뒤 친구들이 생각을 말하거나 대화를 이어 나갑니다.

1. [좋아하는 걸 말해보자. 말하기] 아래에 붙이기
[Dee]
- [1단계: 다 함께 첫인사 나누기]
목표: 🚩 깃발을 누르면 세 친구가 동시에 첫인사를 합니다.

■ Dee

1.🚩 [클릭했을 때] 가져오기

2. [안녕! 을(를) 2 초 동안 말하기] 연결하기

[2단계: 대화 이어가기]
목표: 첫인사가 끝난 뒤 친구들이 생각을 말하거나 대화를 이어 나갑니다.

1. [2 초 기다리기] 아래에 붙이기

2. 나는 축구하는 걸 좋아해. 을(를) 2 초 동안 말하기] 아래에 붙이기
[Devin]
- [1단계: 다 함께 첫인사 나누기]
목표: 🚩 깃발을 누르면 세 친구가 동시에 첫인사를 합니다.

■ Devin

1.🚩 [클릭했을 때] 가져오기

2.💬 [안녕! 을(를) 2 초 동안 말하기] 연결하기

[2단계: 대화 이어가기]
목표: 첫인사가 끝난 뒤 친구들이 생각을 말하거나 대화를 이어 나갑니다.

■ Devin

⏱ [2 초 기다리기] 아래에 붙이기

1. [음... 을(를) 2 초 동안 생각하기] 아래에 붙이기

2. [나는 말하기 싫은데... 생각하기] 아래에 붙이기

[🏆 응용 미션 / 도전 과제]

1.Avery가 이야기를 마친 후 부끄러워하는 표정이나 다른 모양으로 바뀌게 할 수 있을까요?

20Dee가 축구를 좋아한다고 말할 때, 몸집이 커지거나 색깔 효과가 바뀌도록 하려면 어떻게 해야 할까요?

3.Devin이 마지막에 속마음을 생각한 뒤, 아예 보이지 않게 숨기려면 어떤 블록을 써야 할까요?"
STEP 1,"코딩 개념 이해하고 순차, 반복, 기본 조건문을 활용한 게임 만들기",사과 따기,1164931192,https://scratch.mit.edu/projects/1164931192/,https://uploads.scratch.mit.edu/get_image/project/1164931192_480x360.png,"[Tree1]
- [프로젝트 개요]
이 프로젝트는 초록색 깃발을 누르면 고양이가 사과나무에 달린 사과를 발견하고 그곳으로 다가가는 프로그램입니다. 나무와 사과, 고양이 스프라이트가 제자리를 찾아가고, 고양이는 ""사과다!""라고 외치며 사과가 있는 곳으로 부드럽게 미끄러지듯 이동합니다.

---

[1단계: 시작 위치 정하기]
목표: 🚩 깃발을 누르면 나무와 사과, 고양이가 각자 정해진 자리에 나타납니다.

■ Tree1

1. 🚩 [클릭했을 때] 가져오기
2. 📍 [x: -119 y: -29 (으)로 이동하기] 연결하기
[Apple]
- [1단계: 시작 위치 정하기]
목표: 🚩 깃발을 누르면 나무와 사과, 고양이가 각자 정해진 자리에 나타납니다.

■ Apple

1. 🚩 [클릭했을 때] 가져오기
2. 📍 [Tree1 (으)로 이동하기] 연결하기

---
- Q2
[Cat]
- [1단계: 시작 위치 정하기]
목표: 🚩 깃발을 누르면 나무와 사과, 고양이가 각자 정해진 자리에 나타납니다.

■ Cat

1. 🚩 [클릭했을 때] 가져오기
2. 📍 [x: 127 y: -77 (으)로 이동하기] 연결하기


[2단계: 사과 발견하고 이동하기]
목표: 고양이가 사과를 보고 기뻐하며 사과가 있는 곳으로 걸어갑니다.

■ Cat

1. 💬 [사과다! 을(를) 2 초 동안 말하기] 아래에 붙이기
2. ➡ [2 초 동안 Apple (으)로 이동하기] 아래에 붙이기

---

[🏆 응용 미션 / 도전 과제]

1. 고양이가 ""사과다!""라고 말할 때, 나무에 매달려 있던 사과가 툭 떨어지는 모양으로 바뀌게 만들 수 있을까요?
2. 고양이가 사과에 도착한 뒤에 만족스러워하는 다른 모습으로 모양을 바꾸게 하려면 어떻게 해야 할까요?
3. 사과가 고양이에게 들키지 않으려고 고양이가 다가올 때 몸집이 작아지거나 숨겨지게 할 수 있을까요?"
STEP 1,"코딩 개념 이해하고 순차, 반복, 기본 조건문을 활용한 게임 만들기",쥐를 잡자,1164942828,https://scratch.mit.edu/projects/1164942828/,https://uploads.scratch.mit.edu/get_image/project/1164942828_480x360.png,"[Cat 2]
- [프로젝트 개요]
이 프로젝트는 키보드를 조작하여 고양이(Cat 2)가 숨어 있는 쥐(Mouse1)를 찾아가도록 만드는 프로그램입니다. 초록색 깃발을 누르면 고양이는 화면 한가운데에 서고, 쥐는 무작위로 다른 장소에 숨어버립니다. 화살표 키로 고양이의 방향을 바꾸고 스페이스 키를 누르면 고양이가 쥐를 향해 미끄러지듯 이동합니다.

---

[1단계: 시작 위치 정하기]
목표: 🚩 깃발을 누르면 고양이와 쥐가 각자 정해진 자리에서 나타납니다.

■ Cat 2

1. 🚩 [클릭했을 때] 가져오기
2. 📍 [x: 0 y: 0 (으)로 이동하기] 연결하기
[Mouse1]
- [1단계: 시작 위치 정하기]
목표: 🚩 깃발을 누르면 고양이와 쥐가 각자 정해진 자리에서 나타납니다.

■ Mouse1

1. 🚩 [클릭했을 때] 가져오기
2. 📍 [무작위 위치 (으)로 이동하기] 연결하기


[2단계: 고양이 방향 바꾸기]
목표: 왼쪽과 오른쪽 화살표 키를 누르면 고양이가 제자리에서 회전합니다.

■ Cat 2

1. 🚩 [왼쪽 화살표 키를 눌렀을 때] 가져오기
2. 🔄 [왼쪽으로 10 도 돌기] 연결하기
3. 🚩 [오른쪽 화살표 키를 눌렀을 때] 가져오기
4. 🔄 [오른쪽으로 10 도 돌기] 연결하기

[3단계: 쥐 추적하기]
목표: 스페이스 키를 누르면 고양이가 쥐가 있는 곳을 향해 이동합니다.

■ Cat 2

1. 🚩 [스페이스 키를 눌렀을 때] 가져오기
2. ➡ [3 초 동안 Mouse1 (으)로 이동하기] 연결하기

[🏆 응용 미션 / 도전 과제]

1. 고양이가 3초 동안 쥐를 향해 이동하기 전에, 먼저 ""잡으러 간다!""라고 2초 동안 말하는 블록을 사이에 끼워 넣을 수 있을까요?
2. 쥐가 처음 숨을 때 그냥 바로 이동하지 않고, 처음에는 보이지 않게 숨겼다가 무작위 위치로 이동한 뒤 짜잔 하고 나타나게 하려면 어떤 블록들이 필요할까요?
3. 고양이가 쥐에게 도착한 순간, 고양이의 원래 모양을 지우고 투명인간처럼 아예 안 보이게 감추려면 어떤 블록을 아래에 붙여야 할까요?"
STEP 1,"코딩 개념 이해하고 순차, 반복, 기본 조건문을 활용한 게임 만들기",스스로 연주하는 악기,1164950048,https://scratch.mit.edu/projects/1164950048/,https://uploads.scratch.mit.edu/get_image/project/1164950048_480x360.png,"[Drum Kit]
- [프로젝트 개요]
이 프로젝트는 초록색 깃발을 누르면 다양한 종류의 드럼들이 스스로 연주하듯 모양을 바꾸는 신나는 악기 연주 프로그램입니다. Drum Kit, Drum-cymbal, Drum-snare 세 가지 드럼 스프라이트가 등장하며, 각자 정해진 시간 간격에 맞춰 10번씩 모양을 바꿉니다.

---

[1단계: 드럼 연주 시작하기]
목표: 🚩 깃발을 누르면 큰북 드럼이 1초 간격으로 10번 모양을 바꿉니다.

■ Drum Kit

1. 🚩 [클릭했을 때] 가져오기
2. 🔁 [10 번 반복하기] 연결하기

* 👕 [다음 모양으로 바꾸기] 안쪽에 넣기
* ⏱ [1 초 기다리기] 아래에 붙이기
[Drum-cymbal]
- [1단계: 드럼 연주 시작하기]
목표: 🚩 깃발을 누르면 심벌즈 드럼이 2초 간격으로 10번 모양을 바꿉니다.

■ Drum-cymbal

1. 🚩 [클릭했을 때] 가져오기
2. 🔁 [10 번 반복하기] 연결하기

* 👕 [다음 모양으로 바꾸기] 안쪽에 넣기
* ⏱ [2 초 기다리기] 아래에 붙이기
[Drum-snare]
- [1단계: 드럼 연주 시작하기]
목표: 🚩 깃발을 누르면 작은북 드럼이 0.5초 간격으로 10번 모양을 바꿉니다.

■ Drum-snare

1. 🚩 [클릭했을 때] 가져오기
2. 🔁 [10 번 반복하기] 연결하기

* 👕 [다음 모양으로 바꾸기] 안쪽에 넣기
* ⏱ [0.5 초 기다리기] 아래에 붙이기

[🏆 응용 미션 / 도전 과제]

1. 드럼이 모양을 바꿀 때 소용돌이치는 것처럼 모양이 구겨지도록 [소용돌이 효과를 25만큼 바꾸기] 블록을 반복문 안쪽에 넣어볼 수 있을까요?
2. 드럼 연주가 시작될 때 맨 처음에 [그래픽 효과 지우기] 블록을 사용해서 이전 판에 변했던 색깔을 원래대로 되돌린 뒤 연주를 시작하게 하려면 어떻게 해야 할까요?
3. 드럼들이 제자리에서 모양만 바꾸는 대신 신나게 춤을 추듯 뱅글뱅글 회전하면서 연주하도록 동작 카테고리의 돌기 블록을 반복문 안에 함께 넣을 수 있을까요?"
STEP 1,"코딩 개념 이해하고 순차, 반복, 기본 조건문을 활용한 게임 만들기",배경 설명하기,1165047808,https://scratch.mit.edu/projects/1165047808/,https://uploads.scratch.mit.edu/get_image/project/1165047808_480x360.png,"[스프라이트 1]
- [프로젝트 개요]
이 프로젝트는 초록색 깃발을 누르면 배경이 자동으로 바뀌면서 주인공 캐릭터가 새로운 장소를 소개해주는 가이드 프로그램입니다. 스프라이트 1이 3초마다 바뀌는 풍경에 맞춰 해변, 호수, 건초밭, 산, 계곡의 이름을 큰소리로 이야기합니다.

---

[1단계: 배경 바꾸기 시작]
목표: 🚩 깃발을 누르면 무대 배경이 3초 간격으로 5번 연속해서 바뀝니다.

■ 스프라이트 1

1. 🚩 [클릭했을 때] 가져오기
2. 🔁 [5 번 반복하기] 연결하기

* 🌄 [다음 배경으로 바꾸기] 안쪽에 넣기
* ⏱ [3 초 기다리기] 아래에 붙이기

---

[2단계: 장소 소개하기]
목표: 무대 배경이 바뀔 때마다 주인공이 장소에 맞는 대사를 말합니다.

■ 스프라이트 1

1. 🌄 [배경이 해변(으)로 바뀌었을 때] 가져오기
2. 💬 [여긴 해변이야. 을(를) 2 초 동안 말하기] 연결하기
3. 🌄 [배경이 호수(으)로 바뀌었을 때] 가져오기
4. 💬 [여긴 호수이야. 을(를) 2 초 동안 말하기] 연결하기
5. 🌄 [배경이 건초밭(으)로 바뀌었을 때] 가져오기
6. 💬 [여긴 건초밭이야. 을(를) 2 초 동안 말하기] 연결하기
7. 🌄 [배경이 산(으)로 바뀌었을 때] 가져오기
8. 💬 [여긴 산이야. 을(를) 2 초 동안 말하기] 연결하기
9. 🌄 [배경이 계곡(으)로 바뀌었을 때] 가져오기
10. 💬 [여긴 계곡이야. 을(를) 2 초 동안 말하기] 연결하기

---

[🏆 응용 미션 / 도전 과제]

캐릭터가 해변 배경을 소개할 때 온몸이 유령처럼 투명해졌다가 나타나도록 형태 카테고리의 [픽셀화 효과를 25만큼 바꾸기]나 [반투명 효과를 25만큼 바꾸기] 블록을 활용할 수 있을까요?

호수나 계곡으로 배경이 바뀌었을 때 캐릭터가 앞으로 가지 않고 뒤걸음질 치듯이 반대 방향을 보게 만들고 싶다면 동작 카테고리의 [회전방향을 왼쪽-오른쪽으로 정하기] 블록과 [90 도 방향 보기] 블록을 어떻게 조합해야 할까요?

무대에 커다란 건초더미 스프라이트를 새로 꺼내서 고양이를 가려버린 뒤, 고양이가 건초밭을 소개할 때 형태 카테고리의 [맨 앞쪽으로 순서 바꾸기] 블록을 써서 건초더미를 뚫고 앞으로 쏙 튀어나오게 만들 수 있을까요?"
STEP 1,"코딩 개념 이해하고 순차, 반복, 기본 조건문을 활용한 게임 만들기",숫자 모양 바꾸기,1164951612,https://scratch.mit.edu/projects/1164951612/,https://uploads.scratch.mit.edu/get_image/project/1164951612_480x360.png,"[스프라이트 1]
- [프로젝트 개요]
이 프로젝트는 키보드의 숫자 키를 누르면 화면에 그 숫자가 그대로 마법처럼 나타나는 숫자 변신 프로그램입니다. 스프라이트 1이 숫자 버튼을 눌러보라고 안내를 하면, 사용자가 1부터 9까지의 키를 누르는 대로 Glow-0 스프라이트가 알맞은 숫자 모양으로 변신합니다.

---

[1단계: 숫자 게임 안내하기]
목표: 🚩 깃발을 누르면 주인공이 게임 방법을 알려줍니다.

■ 스프라이트 1

1. 🚩 [클릭했을 때] 가져오기
2. 💬 [숫자 버튼을 눌러봐 말하기] 연결하기
[Glow-0]
- [2단계: 누른 숫자 보여주기]
목표: ⌨ 키보드로 1부터 9까지의 숫자를 누르면 숫자가 알맞은 모양으로 변신합니다.

■ Glow-0

1. 🚩 [1 키를 눌렀을 때] 가져오기
2. 👕 [모양을 Glow-1 (으)로 바꾸기] 연결하기
3. 🚩 [2 키를 눌렀을 때] 가져오기
4. 👕 [모양을 Glow-2 (으)로 바꾸기] 연결하기
5. 🚩 [3 키를 눌렀을 때] 가져오기
6. 👕 [모양을 Glow-3 (으)로 바꾸기] 연결하기
7. 🚩 [4 키를 눌렀을 때] 가져오기
8. 👕 [모양을 Glow-4 (으)로 바꾸기] 연결하기
9. 🚩 [5 키를 눌렀을 때] 가져오기
10. 👕 [모양을 Glow-5 (으)로 바꾸기] 연결하기
11. 🚩 [6 키를 눌렀을 때] 가져오기
12. 👕 [모양을 Glow-6 (으)로 바꾸기] 연결하기
13. 🚩 [7 키를 눌렀을 때] 가져오기
14. 👕 [모양을 Glow-7 (으)로 바꾸기] 연결하기
15. 🚩 [8 키를 눌렀을 때] 가져오기
16. 👕 [모양을 Glow-8 (으)로 바꾸기] 연결하기
17. 🚩 [9 키를 눌렀을 때] 가져오기
18. 👕 [모양을 Glow-9 (으)로 바꾸기] 연결하기
[Characters 1]
- [2단계: 누른 숫자 보여주기]
목표: ⌨ 키보드로 스페이스 키를 누르면 캐릭터의 모양이 바뀝니다.

■ Characters 1

1. 🚩 [스페이스 키를 눌렀을 때] 가져오기
2. 👕 [모양을 character1-l (으)로 바꾸기] 연결하기

---

[🏆 응용 미션 / 도전 과제]

1. 숫자를 누를 때마다 몸집이 계속해서 누적되어 거대해지는 [크기를 10만큼 바꾸기] 블록과, 아무리 눌러도 딱 정해진 크기로만 고정되는 [크기를 120%로 정하기] 블록의 차이를 직접 코드로 짜서 비교해볼 수 있을까요?
2. 숫자가 키보드를 누를 때마다 위나 아래로 껑충 뛰어오르게 만들고 싶다면 동작 카테고리의 블록을 어떻게 사용해야 할까요?
3. 마우스 포인터가 지나가는 방향을 따라 숫자가 스르륵 쳐다보게 만들고 싶다면 동작 카테고리의 블록을 어디에 추가해야 할까요?"
STEP 1,"코딩 개념 이해하고 순차, 반복, 기본 조건문을 활용한 게임 만들기",벌레 잡아먹는 개구리,1165044489,https://scratch.mit.edu/projects/1165044489/,https://uploads.scratch.mit.edu/get_image/project/1165044489_480x360.png,"[벌레]
- [프로젝트 개요]
이 프로젝트는 마우스 포인터를 쫓아다니는 벌레와 그 벌레를 잡아먹으려고 계속 노려보는 개구리를 만든 프로그램입니다. 초록색 깃발을 누르면 벌레는 마우스를 따라 움직이고 개구리는 고개를 돌려 벌레의 위치를 바라봅니다. 스페이스 키를 누르면 개구리가 입을 벌려 벌레를 사냥하는 것처럼 모양이 바뀝니다.

---

[1단계: 벌레와 개구리의 시선 추적]
목표: 🚩 깃발을 누르면 벌레는 마우스를 따라다니고 개구리는 벌레 쪽을 계속 바라봅니다.

■ 벌레

1. 🚩 [클릭했을 때] 가져오기
2. 🔁 [무한 반복하기] 연결하기

* 🔄 [마우스포인터 쪽 보기] 안쪽에 넣기
* 📍 [마우스포인터 (으)로 이동하기] 아래에 붙이기
[개구리]
- [1단계: 벌레와 개구리의 시선 추적]
목표: 🚩 깃발을 누르면 벌레는 마우스를 따라다니고 개구리는 벌레 쪽을 계속 바라봅니다.

■ 개구리

1. 🚩 [클릭했을 때] 가져오기
2. 🔁 [무한 반복하기] 연결하기

* 🔄 [벌레 쪽 보기] 안쪽에 넣기


[2단계: 개구리의 사냥 동작]
목표: ⌨ 스페이스 키를 누르면 개구리가 입을 벌렸다가 1초 뒤에 다시 다뭅니다.

■ 개구리

1. 🚩 [스페이스 키를 눌렀을 때] 가져오기
2. 👕 [모양을 Frog 2-b (으)로 바꾸기] 연결하기
3. ⏱ [1 초 기다리기] 아래에 붙이기
4. 👕 [모양을 Frog 2-a (으)로 바꾸기] 아래에 붙이기

---
[🏆 응용 미션 / 도전 과제]

1. 스페이스 키를 눌러 개구리가 사냥 자세를 취할 때, 멀리 있는 벌레까지 닿을 수 있도록 개구리의 몸집을 순간적으로 크게 키웠다가 제자리로 돌아오게 만들 수 있을까요?
2. 마우스를 따라 움직이는 벌레가 가만히 서서 이동하지 않고, 하늘을 비행하는 것처럼 몸을 계속 회전하면서 날아다니게 하려면 동작 카테고리의 어떤 블록을 추가해야 할까요?
3. 개구리가 사냥에 성공했을 때 마치 카멜레온처럼 주변 환경에 맞춰 몸 색깔을 화려하게 바꾸어 표현하고 싶다면 형태 카테고리의 어떤 블록을 사용해야 할까요?"
STEP 1,"코딩 개념 이해하고 순차, 반복, 기본 조건문을 활용한 게임 만들기",날아가는 로켓,1164944679,https://scratch.mit.edu/projects/1164944679/,https://uploads.scratch.mit.edu/get_image/project/1164944679_480x360.png,"[rocket]
- [프로젝트 개요]
이 프로젝트는 키보드 화살표 키를 이용해 우주 공간 속 로켓(rocket)을 조종하는 우주 비행 프로그램입니다. 로켓을 마우스로 직접 클릭하면 화면 한가운데로 돌아와 위쪽을 바라보며 출발 준비를 하고, 화살표 키를 누르면 고개를 돌려 엔진을 예열한 뒤 정해진 방향으로 힘차게 날아갑니다.

---

[1단계: 로켓 출발 준비]
목표: 🖱 로켓을 클릭하면 방향과 위치를 초기화하여 처음 자리로 되돌립니다.

■ rocket

1. 🖱 [이 스프라이트를 클릭했을 때] 가져오기
2. 🔄 [0 도 방향 보기] 연결하기
3. 📍 [x: 0 y: 0 (으)로 이동하기] 아래에 붙이기

---

[2단계: 조종 방향 정하고 날아가기]
목표: ⌨ 상하좌우 화살표 키를 누르면 로켓이 고개를 돌려 잠시 대기한 후 앞으로 이동합니다.

■ rocket

1. 🚩 [위쪽 화살표 키를 눌렀을 때] 가져오기
2. 🔄 [0 도 방향 보기] 연결하기
3. ⏱ [0.5 초 기다리기] 아래에 붙이기
4. 🔁 [10 번 반복하기] 아래에 붙이기

* ➡ [10 만큼 움직이기] 안쪽에 넣기

5. 🚩 [아래쪽 화살표 키를 눌렀을 때] 가져오기
6. 🔄 [180 도 방향 보기] 연결하기
7. ⏱ [0.5 초 기다리기] 아래에 붙이기
8. 🔁 [10 번 반복하기] 아래에 붙이기

* ➡ [10 만큼 움직이기] 안쪽에 넣기

9. 🚩 [왼쪽 화살표 키를 눌렀을 때] 가져오기
10. 🔄 [-90 도 방향 보기] 연결하기
11. ⏱ [0.5 초 기다리기] 아래에 붙이기
12. 🔁 [10 번 반복하기] 아래에 붙이기

* ➡ [10 만큼 움직이기] 안쪽에 넣기

13. 🚩 [오른쪽 화살표 키를 눌렀을 때] 가져오기
14. 🔄 [90 도 방향 보기] 연결하기
15. ⏱ [0.5 초 기다리기] 아래에 붙이기
16. 🔁 [10 번 반복하기] 아래에 붙이기

* ➡ [10 만큼 움직이기] 안쪽에 넣기

---

[🏆 응용 미션 / 도전 과제]
1. 화면 아래의 ""방향"" 의 숫자 부분을 눌러보면, 화살표를 돌렸을 때 방향이 몇 도가 되는지 숫자를 알 수 있습니다. 왼쪽, 오른쪽, 아래쪽의 숫자는 몇인지 확인해 보고, 각각의 코드를 완성해 봅시다.
2. 로켓이 더 빠르게 움직이게 하고 싶어요. 어디를 수정하면 좋을까요?
3. 로켓이 벽에 닿을 때까지 움직이려면 어디를 바꿔야 할까요?"
STEP 1,"코딩 개념 이해하고 순차, 반복, 기본 조건문을 활용한 게임 만들기",뒤집히는 자동차,1163605522,https://scratch.mit.edu/projects/1163605522/,https://uploads.scratch.mit.edu/get_image/project/1163605522_480x360.png,"[Convertible 2]
- [프로젝트 개요]
이 프로젝트는 똑같이 달리는 자동차들이 벽에 부딪혀 튕겨 나갈 때 회전 방식에 따라 어떻게 다르게 움직이는지 비교하는 실험 프로그램입니다. Convertible 2, Convertible 3, Convertible 4 자동차 스프라이트가 동시에 같은 자리에서 출발하여 무한 반복하며 달리지만, 벽에 부딪히는 순간 각자 설정된 회전 방식에 따라 뒤집히거나 그대로 서서 움직이게 됩니다.

---

[1단계: 자동차 달리기와 회전 방식 실험]
목표: 🚩 깃발을 누르면 Convertible 2 자동차가 좌우로만 뒤집히며 벽을 전방향으로 왕복합니다.

■ Convertible 2

1. 🚩 [클릭했을 때] 가져오기
2. 📍 [x: -157 y: 100 (으)로 이동하기] 연결하기
3. 🔄 [90 도 방향 보기] 아래에 붙이기
4. 🔄 [회전방향을 왼쪽-오른쪽으로 정하기] 아래에 붙이기
5. 🔁 [무한 반복하기] 아래에 붙이기

* ➡ [5 만큼 움직이기] 안쪽에 넣기
* 📍 [벽에 닿으면 튕기기] 아래에 붙이기
[Convertible 3]
- [1단계: 자동차 달리기와 회전 방식 실험]
목표: 🚩 깃발을 누르면 Convertible 3 자동차가 회전하지 않고 똑바른 모양 그대로 벽을 왕복합니다.

■ Convertible 3

1. 🚩 [클릭했을 때] 가져오기
2. 📍 [x: -157 y: 100 (으)로 이동하기] 연결하기
3. 🔄 [90 도 방향 보기] 아래에 붙이기
4. 🔄 [회전방향을 회전하지 않기(으)로 정하기] 아래에 붙이기
5. 🔁 [무한 반복하기] 아래에 붙이기

* ➡ [5 만큼 움직이기] 안쪽에 넣기
* 📍 [벽에 닿으면 튕기기] 아래에 붙이기
[Convertible 4]
- [1단계: 자동차 달리기와 회전 방식 실험]
목표: 🚩 깃발을 누르면 Convertible 4 자동차가 머리와 바닥이 거꾸로 뒤집히며 벽을 왕복합니다.

■ Convertible 4

1. 🚩 [클릭했을 때] 가져오기
2. 📍 [x: -157 y: 100 (으)로 이동하기] 연결하기
3. 🔄 [90 도 방향 보기] 아래에 붙이기
4. 🔄 [회전방향을 회전하기(으)로 정하기] 아래에 붙이기
5. 🔁 [무한 반복하기] 아래에 붙이기

* ➡ [5 만큼 움직이기] 안쪽에 넣기
* 📍 [벽에 닿으면 튕기기] 아래에 붙이기

[🏆 응용 미션 / 도전 과제]

1. 세 자동차는 거의 비슷한 코드로 작성되었어요. 움직이는 모습이 어떻게 다른가요? 왜 다를까요?
2. 새로운 스프라이트를 추가해서 회전 방식을 정한 후 시계방향으로 100번 회전하는 코드를 만들어 봅시다. 회전 방식을 바꿔서도 실행해 봅시다. 어떤 일이 생기나요?
3. 새로운 스프라이트를 하나 더 꺼낸 뒤, 회전 방식을 [회전하지 않기]로 정하고 마우스 포인터를 따라오도록 코드를 짜 봅시다. 마우스를 이리저리 움직일 때 스프라이트가 바라보는 방향과 실제 움직이는 방향에는 어떤 차이가 있나요?"
STEP 1,"코딩 개념 이해하고 순차, 반복, 기본 조건문을 활용한 게임 만들기",길 따라 걷기,1164940677,https://scratch.mit.edu/projects/1164940677/,https://uploads.scratch.mit.edu/get_image/project/1164940677_480x360.png,"[Tatiana]
- [프로젝트 개요]
이 프로젝트는 키보드 방향키를 눌러 Tatiana 캐릭터를 사방으로 움직이고 회전시키는 프로그램입니다. 위아래 화살표 키로 앞뒤로 걸어가고, 좌우 화살표 키로 방향을 부드럽게 바꿉니다. 초록색 깃발을 눌러 캐릭터를 직접 조종해 보세요!

---

[1단계: 시작 위치와 방향 정하기]
목표: 🚩 깃발을 누르면 캐릭터가 정해진 자리와 올바른 방향으로 서게 합니다.

■ Tatiana

1. 🚩 [클릭했을 때] 가져오기
2. 🧭 [90 도 방향 보기] 아래에 붙이기
3. 📍 [x: (-211) y: (-127) (으)로 이동하기] 아래에 붙이기

---

[2단계: 앞뒤로 걷기 구현하기]
목표: 위쪽과 아래쪽 화살표 키를 누르면 캐릭터가 앞뒤로 움직이고 모양이 바뀝니다.

■ Tatiana

1. 🚩 [위쪽 화살표 키를 눌렀을 때] 가져오기
2. 🏃 [10 만큼 움직이기] 아래에 붙이기
3. 👕 [다음 모양으로 바꾸기] 아래에 붙이기
4. 🚩 [아래쪽 화살표 키를 눌렀을 때] 가져오기
5. 🏃 [-10 만큼 움직이기] 아래에 붙이기
6. 👕 [다음 모양으로 바꾸기] 아래에 붙이기

---

[3단계: 제자리에서 좌우로 돌기]
목표: 왼쪽과 오른쪽 화살표 키를 누르면 캐릭터가 제자리에서 부드럽게 회전합니다.

■ Tatiana

1. 🚩 [왼쪽 화살표 키를 눌렀을 때] 가져오기
2. ↩️ [왼쪽으로 15 도 돌기] 아래에 붙이기
3. 🚩 [오른쪽 화살표 키를 눌렀을 때] 가져오기
4. ↪️ [오른쪽으로 15 도 돌기] 아래에 붙이기

---

[🏆 응용 미션 / 도전 과제]

1. 스페이스바를 누르면 Tatiana 캐릭터가 처음 시작 위치인 X: -211, Y: -127 공간으로 순식간에 순간이동하게 만들 수 있을까요?
2. 캐릭터가 앞뒤로 움직이는 속도를 지금보다 2배 더 빠르게 만들려면 10과 -10이라는 숫자를 어떻게 고쳐야 할까요?"
STEP 1,"코딩 개념 이해하고 순차, 반복, 기본 조건문을 활용한 게임 만들기",점프하기,1163594588,https://scratch.mit.edu/projects/1163594588/,https://uploads.scratch.mit.edu/get_image/project/1163594588_480x360.png,"[Casey]
- [프로젝트 개요]
이 프로젝트는 캐릭터 케이시(Casey)가 제자리에서 신나게 점프하는 애니메이션입니다. 초록색 깃발을 누르면 케이시가 외치며 위아래로 움직이고 모양을 바꿉니다. 케이시의 멋진 점프 동작을 함께 만들어 보아요!

---

[1단계: 케이시의 신나는 점프]
목표: 🚩 깃발을 누르면 케이시가 처음 위치에서 대사를 외치고 위아래로 점프합니다.

■ Casey

1. 🚩 [클릭했을 때] 가져오기
2. 📍 [x: 10 y: -20 (으)로 이동하기] 연결하기
3. 👚 [모양을 casey-c (으)로 바꾸기] 연결하기
4. 💬 [점프! 을(를) 1 초 동안 말하기] 연결하기
5. 👚 [모양을 casey-a (으)로 바꾸기] 연결하기
6. 🔁 [7 번 반복하기] 연결하기

* 📍 [y좌표를 10 만큼 바꾸기] 안쪽에 넣기

7. 👚 [모양을 casey-c (으)로 바꾸기] 연결하기
8. 🔁 [7 번 반복하기] 연결하기

* 📍 [y좌표를 -10 만큼 바꾸기] 안쪽에 넣기

---

[🏆 응용 미션 / 도전 과제]

1. 더 높이 점프하려면 어떻게 코드를 바꿀 수 있을까요?
2. 여러 번 점프하려면 어떤 블록을 어디에 추가해야 할까요?
3. 스프라이트를 추가해서, 옆에서 번갈아 가며 점프하는 친구를 만들어 봅시다.
- Q2 추가내용"
STEP 1,"코딩 개념 이해하고 순차, 반복, 기본 조건문을 활용한 게임 만들기",테니스공 받아치기,1163595324,https://scratch.mit.edu/projects/1163595324/,https://uploads.scratch.mit.edu/get_image/project/1163595324_480x360.png,"[racket]
- [프로젝트 개요]
이 프로젝트는 라켓으로 테니스공을 주고받는 타이밍 연습 경기입니다. 초록색 깃발을 누르면 라켓과 테니스공이 준비된 장소로 이동한 뒤, 서로 시간에 맞춰 회전하고 양옆으로 날아가며 움직입니다. 초록색 깃발을 눌러 신나는 테니스 연습을 시작해 보세요!

---

[1단계: 테니스 경기 시작하기]
목표: 라켓과 테니스공의 처음 위치를 정하고 순서대로 움직이게 만듭니다.

■ racket

1. 🚩 [클릭했을 때] 가져오기
2. 📍 [x: -103 y: -139 (으)로 이동하기] 연결하기
3. 🔄 [45 도 방향 보기] 연결하기
4. ⏱ [1 초 기다리기] 연결하기
5. 🔁 [10 번 반복하기] 연결하기

* 🔄 [오른쪽으로 5 도 돌기] 안쪽에 넣기
[Tennis Ball]
- [1단계: 테니스 경기 시작하기]
목표: 라켓과 테니스공의 처음 위치를 정하고 순서대로 움직이게 만듭니다.

■ Tennis Ball

1. 🚩 [클릭했을 때] 가져오기
2. 📍 [x: 230 y: 2 (으)로 이동하기] 연결하기
3. ⏱ [0.5 초 기다리기] 연결하기
4. 🔁 [20 번 반복하기] 연결하기

* ➡ [x 좌표를 -20 만큼 바꾸기] 안쪽에 넣기

5. 🔁 [20 번 반복하기] 연결하기

* ➡ [x 좌표를 20 만큼 바꾸기] 안쪽에 넣기

---

[🏆 응용 미션 / 도전 과제]


1. 라켓이 멈추지 않고 계속해서 공을 받아칠 수 있도록 무한히 움직이게 하려면 어떻게 해야 할까요?
2. 테니스공이 날아가는 속도를 지금보다 훨씬 빠르게 바꾸려면 어떤 숫자를 고쳐야 할까요?
3. 다른 공 하나를 추가해서, 왼쪽에서 오른쪽으로 날아간 후 숨길려면 어떻게 해야될까요?"
STEP 1,"코딩 개념 이해하고 순차, 반복, 기본 조건문을 활용한 게임 만들기",공룡 밥주기,1165625079,https://scratch.mit.edu/projects/1165625079/,https://uploads.scratch.mit.edu/get_image/project/1165625079_480x360.png,"[Taco]
- [프로젝트 개요]
이 프로젝트는 스페이스 키를 눌러 배고픈 공룡에게 맛있는 타코를 떨어뜨려 주는 게임입니다. 초록색 깃발을 누르면 타코가 화면에서 숨겨지고, 스페이스 키를 누르면 공룡이 입을 벌리면서 위에서 타코가 아래로 슝 떨어집니다. 스페이스 키를 리듬에 맞춰 누르며 공룡에게 타코를 선물해 보세요!

---

[1단계: 시작할 때 타코 숨기기]
목표: 🚩 초록색 깃발을 누르면 처음에는 타코가 보이지 않게 만듭니다.

■ Taco

1. 🚩 [클릭했을 때] 가져오기
2. 👁 [숨기기] 연결하기

[2단계: 스페이스 키로 타코 떨어뜨리기]
목표: ⌨ 스페이스 키를 누르면 공룡이 모양을 바꾸고 타코가 위에서 아래로 떨어집니다.

■ Taco

1. 🚩 [space 키를 눌렀을 때] 가져오기
2. 📍 [x: 15 y: 140 (으)로 이동하기] 연결하기
3. 👁 [보이기] 연결하기
4. 🔁 [30 번 반복하기] 연결하기

* 📍 [y 좌표를 -5 만큼 바꾸기] 안쪽에 넣기

5. 👁 [숨기기] 아래에 붙이기

---

[🏆 응용 미션 / 도전 과제]

1.스페이스 키를 눌렀을 때 공룡이 가볍게 점프하는 코드도 추가해 볼까요?
2. 다른 음식 스프라이트를 추가해서, 아래쪽 화살표 키를 눌렀을 때 공룡에게 떨어질 수 있도록 만들어 볼까요?
3. 타코가 아래로 떨어지는 속도를 지금보다 훨씬 빠르게 바꾸려면 어떤 숫자를 고쳐야 할까요?
[Dinosaur4]
- [2단계: 스페이스 키로 타코 떨어뜨리기]
목표: ⌨ 스페이스 키를 누르면 공룡이 모양을 바꾸고 타코가 위에서 아래로 떨어집니다.

■ Dinosaur4

1. 🚩 [space 키를 눌렀을 때] 가져오기
2. 👁 [모양을 [dinosaur4-d] 연결하기
3. ⏱ [1 초 기다리기] 연결하기
4. 👁 [모양을 [dinosaur4-a] 연결하기"
STEP 1,"코딩 개념 이해하고 순차, 반복, 기본 조건문을 활용한 게임 만들기",농구공 던지기,1167577637,https://scratch.mit.edu/projects/1167577637/,https://uploads.scratch.mit.edu/get_image/project/1167577637_480x360.png,"[Jamal]
- [프로젝트 개요]
이 프로젝트는 세 명의 농구 선수 자말, 앤디, 맥스가 차례대로 멋진 슛을 날리는 농구 게임입니다. 초록색 깃발을 누르면 선수들과 농구공이 정해진 자리에서 준비하고, 숫자 1, 2, 3 키를 누르면 각 선수가 공을 받아 골대를 향해 슛을 던집니다. 원하는 번호를 눌러 농구 경기를 치러 보세요!

---

[1단계: 농구 경기 준비하기]
목표: 🚩 초록색 깃발을 누르면 세 명의 선수와 농구공이 처음 위치로 이동하고 시작 모양을 바꿉니다.

■ Jamal

1. 🚩 [클릭했을 때] 가져오기
2. 📍 [x: -141 y: -60 (으)로 이동하기] 연결하기
3. 👁 [모양을 [jamal-a]로 바꾸기] 연결하기


[2단계: 번호 키를 눌러 슛 던지기]
목표: ⌨ 1, 2, 3번 키를 누르면 알맞은 선수가 말을 하며 슛 동작을 하고 농구공이 골대로 날아갑니다.

■ Jamal

1. 🚩 [1 키를 눌렀을 때] 가져오기
2. 👁 [모양을 [jamal-a]로 바꾸기] 연결하기
3. 💬 [[슛!]을(를) 1 초 동안 말하기] 연결하기
4. 👁 [모양을 [jamal-c]로 바꾸기] 연결하기
[Andie]
- [1단계: 농구 경기 준비하기]
목표: 🚩 초록색 깃발을 누르면 세 명의 선수와 농구공이 처음 위치로 이동하고 시작 모양을 바꿉니다.

■ Andie

1. 🚩 [클릭했을 때] 가져오기
2. 📍 [x: -2 y: -85 (으)로 이동하기] 연결하기
3. 👁 [모양을 [andie-c]로 바꾸기] 연결하기

[2단계: 번호 키를 눌러 슛 던지기]
목표: ⌨ 1, 2, 3번 키를 누르면 알맞은 선수가 말을 하며 슛 동작을 하고 농구공이 골대로 날아갑니다.

■ Andie

1. 🚩 [2 키를 눌렀을 때] 가져오기
2. 👁 [모양을 [andie-c]로 바꾸기] 연결하기
3. 💬 [[슛!]을(를) 1 초 동안 말하기] 연결하기
4. 👁 [모양을 [andie-b]로 바꾸기] 연결하기
[Max]
- [1단계: 농구 경기 준비하기]
목표: 🚩 초록색 깃발을 누르면 세 명의 선수와 농구공이 처음 위치로 이동하고 시작 모양을 바꿉니다.

■ Max

1. 🚩 [클릭했을 때] 가져오기
2. 📍 [x: 161 y: -75 (으)로 이동하기] 연결하기
3. 👁 [모양을 [max-d]로 바꾸기] 연결하기

[2단계: 번호 키를 눌러 슛 던지기]
목표: ⌨ 1, 2, 3번 키를 누르면 알맞은 선수가 말을 하며 슛 동작을 하고 농구공이 골대로 날아갑니다.

■ Max

1. 🚩 [3 키를 눌렀을 때] 가져오기
2. 👁 [모양을 [max-d]로 바꾸기] 연결하기
3. 💬 [[슛!]을(를) 1 초 동안 말하기] 연결하기
4. 👁 [모양을 [max-b]로 바꾸기] 연결하기
[Basketball]
- [1단계: 농구 경기 준비하기]
목표: 🚩 초록색 깃발을 누르면 세 명의 선수와 농구공이 처음 위치로 이동하고 시작 모양을 바꿉니다.

■ Basketball

1. 🚩 [클릭했을 때] 가져오기
2. 📍 [x: 2 y: -83 (으)로 이동하기] 연결하기

[2단계: 번호 키를 눌러 슛 던지기]
목표: ⌨ 1, 2, 3번 키를 누르면 알맞은 선수가 말을 하며 슛 동작을 하고 농구공이 골대로 날아갑니다.

■ Basketball

1. 🚩 [1 키를 눌렀을 때] 가져오기
2. 📍 [x: -164 y: -78 (으)로 이동하기] 연결하기
3. ⏱ [1 초 기다리기] 연결하기
4. 📍 [1 초 동안 x: 0 y: 120 (으)로 이동하기] 연결하기
5. 🔁 [12 번 반복하기] 연결하기

* 📍 [y 좌표를 -10 만큼 바꾸기] 안쪽에 넣기

6. 🚩 [2 키를 눌렀을 때] 가져오기
7. 📍 [x: -2 y: -85 (으)로 이동하기] 연결하기
8. ⏱ [1 초 기다리기] 연결하기
9. 📍 [1 초 동안 x: 0 y: 120 (으)로 이동하기] 연결하기
10. 🔁 [12 번 반복하기] 연결하기

* 📍 [y 좌표를 -10 만큼 바꾸기] 안쪽에 넣기

11. 🚩 [3 키를 눌렀을 때] 가져오기
12. 📍 [x: 161 y: -75 (으)로 이동하기] 연결하기
13. ⏱ [1 초 기다리기] 연결하기
14. 📍 [1 초 동안 x: 0 y: 120 (으)로 이동하기] 연결하기
15. 🔁 [12 번 반복하기] 연결하기

* 📍 [y 좌표를 -10 만큼 바꾸기] 안쪽에 넣기

---

[🏆 응용 미션 / 도전 과제]

1. 농구공이 골대를 향해 날아갈수록 크기가 점점 작아져서 진짜 멀어지는 것처럼 보이게 만들 수 있을까요?
2. 슛을 던지기 전에 왼쪽과 오른쪽 화살표 키를 눌러서 농구공의 처음 시작 위치를 옆으로 미리 옮겨둘 수 있을까요?
3. 숫자 키를 눌러 슛을 성공했을 때 무대 배경이 멋진 축하 배경으로 확 바뀌게 하려면 어떻게 해야 할까요?"
STEP 1,"코딩 개념 이해하고 순차, 반복, 기본 조건문을 활용한 게임 만들기",형태가 바뀌는 로봇,1163612958,https://scratch.mit.edu/projects/1163612958/,https://uploads.scratch.mit.edu/get_image/project/1163612958_480x360.png,"[Robot]
- [프로젝트 개요]
이 프로젝트는 숫자 키를 눌러 로봇의 세 가지 특별한 능력을 확인하는 프로그램입니다. 초록색 깃발을 누르면 로봇 스프라이트가 친구들에게 인사를 건네고, 숫자 1, 2, 3 키를 누를 때마다 신나게 춤을 추거나 몸집이 커지고 작아지는 멋진 변신을 보여줍니다.

---

[1단계: 로봇의 첫 인사 준비]
목표: 🚩 초록색 깃발을 누르면 로봇이 처음 모습으로 돌아와 친구들에게 말을 건넵니다.

■ Robot

1. 🚩 [클릭했을 때] 가져오기
2. 👁 [모양을 [robot-a]로 바꾸기] 연결하기
3. 👁 [크기를 [100] %로 정하기] 연결하기
4. 👁 [[내 능력을 보여줄게. 1번부터 3번 숫자키를 눌러봐.] 말하기] 연결하기

---

[2단계: 1번 키로 춤추는 능력 만들기]
목표: ⌨ 1번 키를 누르면 로봇이 여러 가지 모양으로 빠르게 바뀌며 신나게 춤을 춥니다.

■ Robot

1. 🚩 [[1] 키를 눌렀을 때] 가져오기
2. 👁 [[춤추기.]을(를) [2] 초 동안 말하기] 연결하기
3. 🔁 [[3] 번 반복하기] 연결하기

* 👁 [모양을 [robot-a]로 바꾸기] 안쪽에 넣기
* ⏱ [[0.1] 초 기다리기] 안쪽에 넣기
* 👁 [모양을 [robot-b]로 바꾸기] 안쪽에 넣기
* ⏱ [[0.1] 초 기다리기] 안쪽에 넣기
* 👁 [모양을 [robot-d]로 바꾸기] 안쪽에 넣기
* ⏱ [[0.1] 초 기다리기] 안쪽에 넣기
* 👁 [모양을 [robot-c]로 바꾸기] 안쪽에 넣기
* ⏱ [[0.1] 초 기다리기] 안쪽에 넣기

4. 👁 [모양을 [robot-a]로 바꾸기] 아래에 붙이기

---

[3단계: 2번과 3번 키로 크기 변신하기]
목표: ⌨ 2번과 3번 키를 누르면 로봇의 몸집이 커지거나 다시 작아지도록 만듭니다.

■ Robot

1. 🚩 [[2] 키를 눌렀을 때] 가져오기
2. 👁 [[커지기.]을(를) [2] 초 동안 말하기] 연결하기
3. 🔁 [[5] 번 반복하기] 연결하기

* 👁 [크기를 [10] 만큼 바꾸기] 안쪽에 넣기

4. 🚩 [[3] 키를 눌렀을 때] 새로 가져오기
5. 👁 [[작아지기.]을(를) [2] 초 동안 말하기] 연결하기
6. 🔁 [[5] 번 반복하기] 연결하기

* 👁 [크기를 [-10] 만큼 바꾸기] 안쪽에 넣기

---

[🏆 응용 미션 / 도전 과제]

1. 화면에 있는 로봇을 마우스로 직접 클릭했을 때 제자리에서 한 바퀴 빙글 돌게 만들 수 있을까요?
2. 숫자 4번 키를 누르면 로봇이 원래 색상 대신 다른 다양한 효과를  추가하려면 어떻게 해야 할까요?
3. 로봇이 신나게 춤을 출 때 제자리에 서 있지 않고 양옆으로 살짝살짝 움직이면서 추도록 코드를 바꿀 수 있을까요?"
STEP 1,"코딩 개념 이해하고 순차, 반복, 기본 조건문을 활용한 게임 만들기",꽃게 관찰하기,1167588302,https://scratch.mit.edu/projects/1167588302/,https://uploads.scratch.mit.edu/get_image/project/1167588302_480x360.png,"[Stage]
- [프로젝트 개요]
클릭하면 신기한 마술을 부리는 네 마리의 게 친구들을 만나는 프로그램입니다. 게들을 누를 때마다 모양이 바뀌어 춤을 추거나, 유령처럼 투명해지고, 알록달록 색이 변하거나, 몸이 빙글빙글 소용돌이치게 됩니다.

[전체 구현 계획]
- 1단계: 모양을 바꾸며 신나게 춤추는 게 만들기
- 2단계: 유령처럼 스르륵 투명해지는 게 만들기
- 3단계: 카멜레온처럼 알록달록 색이 변하는 게 만들기
- 4단계: 빙글빙글 도는 소용돌이 게 만들기

[도전 미션]
완성된 프로젝트를 더 멋지게 발전시켜 볼까요?
1. 게들의 변신 마술이 지금보다 훨씬 더 많이 반복되며 길게 이어지게 하려면 어떤 숫자를 크게 바꾸어야 할까요?
2. 게들이 마술을 부리는 속도를 조금 더 느리고 부드럽게 만들려면 기다리는 시간을 어떻게 조절해야 할까요?
3. 카멜레온 게가 색깔을 바꾸는 대신, 소용돌이 게처럼 빙글빙글 꼬이도록 마술의 종류를 바꾸어 볼 수 있을까요?
4. 마술을 부리던 게들이 마술이 모두 끝난 직후에 원래의 선명하고 바른 모습으로 곧바로 돌아오게 하려면 마지막에 무엇을 넣어주어야 할까요?
5. 게를 한 번 클릭했을 때 마술이 10번만 나오고 멈추는 대신, 끝없이 계속해서 변신하도록 만들 수 있을까요?
[Crab]
- [1단계: 모양을 바꾸며 신나게 춤추는 게 만들기]
요약: 게를 클릭하면 모양이 여러 번 바뀌며 신나게 춤을 추도록 만듭니다.
1. 🚩 [이 스프라이트를 클릭했을 때] 가져오기
2. 🔁 [10번 반복하기] 연결하고 숫자 10 적기
  - 🎭 [다음 모양으로 바꾸기] 안쪽에 넣기
  - ⏱ [0.1초 기다리기] 안쪽에 넣고 숫자 0.1 적기
[Crab2]
- [1단계: 원래 모습으로 돌려놓기]
요약: 시작 버튼을 누르면 유령처럼 변했던 게가 다시 선명하게 나타나도록 초기화합니다.
1. 🚩 [클릭했을 때] 가져오기
2. 🎭 [유령 효과를 0 (으)로 정하기] 연결하기

[2단계: 유령처럼 스르륵 투명해지는 게 만들기]
요약: 게를 클릭하면 투명한 효과가 점점 커지며 유령처럼 사라지도록 만듭니다.
1. 🚩 [이 스프라이트를 클릭했을 때] 가져오기
2. 🔁 [10번 반복하기] 연결하고 숫자 10 적기
  - 🎭 [유령 효과를 8 만큼 바꾸기] 안쪽에 넣고 숫자 8 적기
  - ⏱ [0.1초 기다리기] 안쪽에 넣고 숫자 0.1 적기
[Crab3]
- [1단계: 원래 모습으로 돌려놓기]
요약: 시작 버튼을 누르면 바뀐 색깔 효과를 모두 지워 원래대로 되돌립니다.
1. 🚩 [클릭했을 때] 가져오기
2. 🎭 [그래픽 효과 지우기] 연결하기
3. 🎭 [색깔 효과를 0 (으)로 정하기] 연결하기

[3단계: 카멜레온처럼 알록달록 색이 변하는 게 만들기]
요약: 게를 클릭하면 색깔 효과가 계속 변하면서 알록달록하게 바뀌도록 만듭니다.
1. 🚩 [이 스프라이트를 클릭했을 때] 가져오기
2. 🔁 [10번 반복하기] 연결하고 숫자 10 적기
  - 🎭 [색깔 효과를 15 만큼 바꾸기] 안쪽에 넣고 숫자 15 적기
  - ⏱ [0.1초 기다리기] 안쪽에 넣고 숫자 0.1 적기
[Crab4]
- [1단계: 원래 모습으로 돌려놓기]
요약: 시작 버튼을 누르면 꼬여있던 소용돌이 효과를 깨끗하게 지워 원래대로 돌립니다.
1. 🚩 [클릭했을 때] 가져오기
2. 🎭 [그래픽 효과 지우기] 연결하기
3. 🎭 [소용돌이 효과를 0 (으)로 정하기] 연결하기

[4단계: 빙글빙글 도는 소용돌이 게 만들기]
요약: 게를 클릭하면 소용돌이 효과가 나타나며 몸 모양이 빙글빙글 꼬이도록 만듭니다.
1. 🚩 [이 스프라이트를 클릭했을 때] 가져오기
2. 🔁 [10번 반복하기] 연결하고 숫자 10 적기
  - 🎭 [소용돌이 효과를 15 만큼 바꾸기] 안쪽에 넣고 숫자 15 적기
  - ⏱ [0.1초 기다리기] 안쪽에 넣고 숫자 0.1 적기"
STEP 1,"코딩 개념 이해하고 순차, 반복, 기본 조건문을 활용한 게임 만들기",버스 줄 양보하기,1165629322,https://scratch.mit.edu/projects/1165629322/,https://uploads.scratch.mit.edu/get_image/project/1165629322_480x360.png,"[City Bus]
- [개요]
스프라이트의 순서에 대해서 알아봅시다.
여러 스프라이트가 모양이 겹치게 되면, 누가 앞으로 나오고 누가 뒤로 가려지는지 정해줄 수 있습니다.
맨 뒤에 있는 휠체어를 탄 친구에게 버스를 먼저 탈 수 있도록 양보해줍시다.


[과정]
◎ 🏴클릭했을 때
1. 맨 뒤쪽으로 순서 바꾸기
[Characters 2]
- [과정]
◎ 🏴클릭했을 때
1. x: 120  y: -43 으로 이동하기
2. 맨 앞쪽으로 순서 바꾸기
[Characters 3]
- [과정]
◎ 🏴클릭했을 때
1. x: 90  y: -43 으로 이동하기
2. 맨 앞쪽으로 순서 바꾸기
3. 뒤로 1단계 보내기


Q. 맨 앞쪽으로 순서를 바꾼 후 뒤로 1단계 보내기 하지 않으면 어떻게 되나요?
[Characters 4]
- [과정]
◎ 🏴클릭했을 때
1. x: 60  y: -43 으로 이동하기
2. 맨 앞쪽으로 순서 바꾸기
3. 뒤로 2단계 보내기
[Characters 5]
- [과정]
◎ 🏴클릭했을 때
1. x: 30  y: -43 으로 이동하기
2. 맨 앞쪽으로 순서 바꾸기
3. 뒤로 3단계 보내기
[Characters 6]
- [과정]
◎ 🏴클릭했을 때
1. x: 0  y: -43 으로 이동하기
2. 맨 뒤쪽으로 순서 바꾸기
3. 앞으로 1단계 보내기



◎ 스페이스 키를 눌렀을 때
1. 4번 반복하기
     1-1. 앞으로 1단계 보내기
     1-2. x좌표를 30만큼 바꾸기
     1-3. 0.5초 기다리기


Q1. 깃발을 클릭했을 때 맨 뒤쪽으로 순서를 바꾼 후 앞으로 1단계 보내는 이유는 무엇일까요?
Q2. 맨 앞에 서 있던 보라색옷 친구를 뒤로 1단계씩 쭉 이동시켜 봅시다."
STEP 1,"코딩 개념 이해하고 순차, 반복, 기본 조건문을 활용한 게임 만들기",학교가는 고양이,689827175,https://scratch.mit.edu/projects/689827175/,https://uploads.scratch.mit.edu/get_image/project/689827175_480x360.png,"[Cat1]
- [개요]
학교에 가는 첫날이에요.
세 고양이 친구들은 정문으로 걸어가면서 인사를 나누려 합니다. 
(단, 세 고양이는 서로 다른 곳에서 출발합니다.)
마주보면서 어떤 대화를 나눌지 상상해보며 스크래치 코드를 완성해봅시다.
세 고양이가 학교로 갈 수 있게 해주세요(여러가지 방법을 생각해보세요)

[과정]
◎ 🏴 클릭했을 때
1. 보이기
2. x: -200 y: -100 (으)로 이동하기
3. 안녕! 을(를) 2초동안 말하기
4. 15번 반복하기
    4-1. 10만큼 움직이기
5. 10번 반복하기 
    5-1. y좌표를 10만큼 바꾸기
6. 도착! 을(를) 2초동안 말하기
7. 숨기기
[Cat2]
- [과정]
◎ 🏴 클릭했을 때
1. 회전 방식을 왼쪽-오른쪽으로 정하기
2. -90도 방향 보기
3. 보이기
4. x: 200 y: -100 (으)로 이동하기
3. 안녕! 을(를) 2초동안 말하기
4. 15번 반복하기
    4-1. 10만큼 움직이기
5. 10번 반복하기 
    5-1. y좌표를 10만큼 바꾸기
6. 숨기기
[Cat3]
- [과정]
◎ 🏴클릭했을 때
1. 숨기기
2. 5초 기다리기
3. x: -150  y: -100 으로 이동하기
4. 보이기
5. 으악 지각이다! 를 2초 동안 말하기



Q1. 초록색 고양이가 학교에 도착하는 과정을 스스로 작성해 봅시다.
Q2. 다른 스프라이트를 추가해서 이후의 상황을 스스로 만들어 봅시다.
- Q1 추가내용"
STEP 1,"코딩 개념 이해하고 순차, 반복, 기본 조건문을 활용한 게임 만들기",통과 못하는 유령,1168335145,https://scratch.mit.edu/projects/1168335145/,https://uploads.scratch.mit.edu/get_image/project/1168335145_480x360.png,"[Ghost]
- [개요]
감지 블록과 조건문을 사용해서 유령이 마녀에게 닿을 때마다 놀라는 모습을 만들어 봅시다.
유령은 마우스를 따라 움직이다가 마녀에게 닿으면 모양을 바꾸며 비명을 지르고,
마녀는 유령에게 닿을 때마다 무언가 닿았는지 생각하게 될 거예요.


[과정]
◎ 🏴클릭했을 때
1. 무한 반복하기
     1-1. 마우스 포인터로 이동하기
     1-2. 만약 < Witch에 닿았는가? > 라면
          1-2-1. 모양을 ghost-c 로 바꾸기
          1-2-2. 꺅! 을 1초 동안 말하기
          1-2-3. 모양을 ghost-a 로 바꾸기


Q. 무한 반복하기를 사용하는 이유는 무엇일까요? 무한 반복하기를 빼면 어떻게 되나요? (참고 주석 설명 읽어보기)
- [참고]
제어 탭의 [ 만약 <> 라면 ] 블록은 <> 안에 들어가는 조건을 만족할 때만 그 안에 있는 블록을 실행시키는 블록입니다.
보통 그 조건은 감지 탭에서 찾을 수 있고, '닿았는가?' '눌렀는가?' 같은 질문으로 되어 있어요.
게임을 진행하는 도중에 조건을 확인하고 싶다면, 계속해서 그 조건을 만족하는지 확인해야겠죠?
그래서 꼭! 무한 반복하기 안에 그 조건을 넣어줘야 한답니다.
[Witch]
- [과정]
◎ 🏴클릭했을 때
1. 무한 반복하기
     1-1. 만약 < Ghost에 닿았는가? > 라면
          1-1-1. 뭐가 지나갔나...? 를 2초 동안 생각하기



Q1. 마녀가 유령에 닿을 때마다 모양을 바꾸는 코드로 수정해 봅시다.
Q2. 무작위 위치로 움직이는 다른 스프라이트를 추가해서, 마녀에게 닿으면 인사하도록 해 봅시다."
STEP 1,"코딩 개념 이해하고 순차, 반복, 기본 조건문을 활용한 게임 만들기",떨어지는 바나나 먹기,1168696396,https://scratch.mit.edu/projects/1168696396/,https://uploads.scratch.mit.edu/get_image/project/1168696396_480x360.png,"[Monkey]
- [개요]
하늘에서 떨어지는 바나나를 원숭이가 받으려고 합니다.
원숭이는 왼쪽, 오른쪽 화살표 키를 눌러서 움직이게 할 거예요. 
[ 화살표 키를 눌렀을 때 ] 블록이 아니라, 조건문과 < 스페이스 키를 눌렸는가? > 블록을 사용해서 만들어 봅시다.


[과정]
◎ 🏴클릭했을 때
1. 무한 반복하기
     1-1. 만약 오른쪽 화살표 키를 눌렀는가? 라면
          1-1-1. x좌표를 10만큼 바꾸기
     1-2. 만약 왼쪽 화살표 키를 눌렀는가? 라면
          1-2-1. x좌표를 -10만큼 바꾸기


Q. 원숭이를 위쪽, 아래쪽 화살표 키를 이용해서 위아래로도 움직이게 만들어 봅시다.
[Bananas]
- [과정]
◎ 🏴클릭했을 때
1. 무한 반복하기
     1-1. y좌표를 -7만큼 바꾸기
     1-2. 만약 Monkey 에 닿았는가? 라면
          1-2-1. 0.5초 기다리기
          1-2-2. 무작위 위치로 이동하기
     1-3. 만약 벽에 닿았는가? 라면
          1-3-1. 0.5초 기다리기
          1-3-2. 무작위 위치로 이동하기


Q1. 1-1의 [ y좌표를 -7만큼 바꾸기 ] 블록은 어떤 역할을 하나요?
Q2. 벽에 닿을 때 무작위 위치가 아닌, 마우스 포인터나 원숭이 위치 등, 자기가 원하는 곳으로 이동하도록 수정해 봅시다."
STEP 1,"코딩 개념 이해하고 순차, 반복, 기본 조건문을 활용한 게임 만들기",빗자루로 벌레 잡기,1169196293,https://scratch.mit.edu/projects/1169196293/,https://uploads.scratch.mit.edu/get_image/project/1169196293_480x360.png,"[Broom]
- [개요]
변수에 대해 배워 봅시다. 변수는 숫자를 담는 상자라고 생각하면 돼요.
'점수'라는 이름의 상자를 만들어 두면, 그 안에 든 숫자는 어떻게 변하더라도 점수를 표현하게 되는 거죠.
빗자루로 벌레를 잡을 때마다 점수가 오르는 게임을 만들어 보며 변수에 대해 이해해 봅시다.


[과정]
◎ 🏴클릭했을 때
1. 점수 변수를 0으로 정하기
2. 무한 반복하기
     2-1. 마우스 포인터로 이동하기
     2-2. 만약 beetle에 닿았는가? 라면 점수를 1만큼 바꾸기
     2-3. 만약 Dog2에 닿았다면 점수를 -1만큼 바꾸고 0.5초 기다리기



Q1. 빗자루가 벌레에 닿았을 때 점수가 얼마나 오르는지 확인해 봅시다.
Q2. 청소를 방해하는 스프라이트를 하나 더 추가하여, 점수를 3점씩 떨어뜨려 봅시다.
[beetle]
- [과정]
◎ 🏴클릭했을 때
보이기 한 후 무작위 위치로 이동하고 2초 기다렸다가 숨기기를 무한 반복합니다.



Q. 빗자루에 닿았을 때 점수가 1점씩만 오르게 하려면 어떤 코드를 추가해야 할까요? (힌트: 빗자루에 닿을 때 도망치면 어떨까요?)
[Dog2]
- [과정]
◎ 🏴클릭했을 때
3초 동안 랜덤 위치로 이동하기를 반복합니다.

◎ 🏴클릭했을 때
모양을 dog2-a로 바꾼 후 0.1초 기다리기, 모양을 dog2-b로 바꾼 후 0.1초 기다리기를 반복합니다."
STEP 1,"코딩 개념 이해하고 순차, 반복, 기본 조건문을 활용한 게임 만들기",와플 가격 계산하기,1169223810,https://scratch.mit.edu/projects/1169223810/,https://uploads.scratch.mit.edu/get_image/project/1169223810_480x360.png,"[Food Truck]
- [개요]
감지 탭의 [ (   ) 라고 묻고 기다리기 ] 블록에 대해 배워 봅시다.
묻고 기다리기가 실행되면, 스프라이트는 입력한 내용을 말하며 대답을 기다리는 상태가 됩니다.
그때 화면에 뜬 입력 칸에 내용을 적으면, 그 내용은 ( 대답 ) 블록에 저장됩니다.
트럭에서 살 와플의 개수를 입력하면 총 가격을 계산해서 말하는 프로그램을 만들어 봅시다.


[과정]
◎🏴클릭했을 때
1. 가격, 딸기, 벌꿀 변수를 0으로 정하기
2. ""딸기와플은 4천원, 벌꿀와플은 5천원입니다~"" 를 2초 동안 말하기
3. ""딸기와플 몇 개 구매하시겠어요?"" 라고 묻고 기다리기
4. 딸기를 (대답) 로 정하기  -->  변수 탭에서 정하기 블록과, 감지 탭에서 대답 블록을 가져와 결합합니다.
5. ""벌꿀와플 몇 개 구매하시겠어요?"" 라고 묻고 기다리기
6. 벌꿀을 (대답) 로 정하기
7. 가격을 4000만큼 바꾸기 를 딸기 번 반복하기  --> 변수 탭의 딸기 블록을 가져와서 결합합니다.
8. 가격을 5000만큼 바꾸기 를 벌꿀 번 반복하기
9. 가격 말하기



Q1. 판매하는 간식 스프라이트와 변수를 추가해서 가격을 계산해 봅시다.
Q2. 묻고 기다리기를 사용해서 대화하는 프로그램을 새로 만들어 봅시다."
STEP 1,"코딩 개념 이해하고 순차, 반복, 기본 조건문을 활용한 게임 만들기",베스트 드라이버,176912551,https://scratch.mit.edu/projects/176912551/,https://uploads.scratch.mit.edu/get_image/project/176912551_480x360.png,"[자동차]
- [개요]
자동차를 타고, 친구가 있는 곳으로 가려고 해요.
이 때 자동차는 검은색 도로에서만 이동이 가능합니다.
친구와 만나게 된다면 친구가 반갑게 맞이하도록 해봅시다.

[과정]
◎깃발을 클릭했을 때
1. x: -170 y: -100 으로 이동하기
2. 크기를 40%로 정하기
3. 무한반복 내부
    3-1. 만약 <위쪽 화살표▼ 키를 눌렀는가?> (이)라면
        3-1-1. 5 만큼 움직이기
    3-2.  만약 <아래쪽 화살표▼ 키를 눌렀는가?> (이)라면
        3-2-2. -5 만큼 움직이기
    3-3.  만약 <오른쪽 화살표▼ 키를 눌렀는가?> (이)라면
        3-3-1. 시계방향으로 5도 돌기
    3-4.  만약 <왼쪽 화살표▼ 키를 눌렀는가?> (이)라면
        3-4-1. 반시계방향으로 5도 돌기
    3-5.  만약 <(회색)에 닿았는가?> (이)라면      -----> '감지' 에서 ( ) 색에 닿았는가 사용 
        3-5-1. x: -170 y: -100 으로 이동하기
    3-6.  만약 <친구▼에 닿았는가?> (이)라면
        3-6-1. 안녕! 을(를) 2초동안 말하기
        3-6-2. 모두 멈추기    


[마무리]
자동차나 장애물을 추가하거나, 나만의 룰을 추가하여 게임을 더 재미있게 만들어 봅시다.

친구와 같이 플레이하는 방법도 생각해봅시다.
친구는 WASD 키보드로 조작을 하여 움직일 수 있어요."
STEP 1,"코딩 개념 이해하고 순차, 반복, 기본 조건문을 활용한 게임 만들기",토끼와 거북이 경주,448191757,https://scratch.mit.edu/projects/448191757/,https://uploads.scratch.mit.edu/get_image/project/448191757_480x360.png,"[토끼]
- [개요]
토끼와 거북이가 경주를 해서 먼저 결승선에 닿은 쪽이 승리합니다.
거북이는 토끼보다 달리는 속도가 느리고, 토끼는 경기 도중에 잠에 빠집니다.
토끼가 잠들어 있는 동안 열심히 달려서 경주를 이겨 봅시다!



[과정]
◎ 🏴 클릭했을 때
1. 모양을 토끼1로 바꾸기
2. x: -190,  y: 45 로 이동하기
3. ( 결승선에 먼저 닿는 사람이 이기는 거야! ) 를 2초 동안 말하기
4. ( 출발! ) 을 1초 동안 말하기
5. 10번 반복하기
     5-1. x좌표를 10만큼 바꾸기
6. ( 아 졸려~ ) 를 1초 동안 말하기
7. 모양을 토끼3 으로 바꾸기
8. 2.5초 기다리기
9. 모양을 토끼1로 바꾸기
10. ( 깜빡 졸아버렸어! ) 를 1초 동안 말하기
11. 무한 반복하기
     11-1. x좌표를 8만큼 바꾸기
     11-2. 만약 흰색에 닿았는가? 라면 모두 멈추기



Q1. 토끼가 더 빠르게 움직이려면 어떤 블록을 수정해야 할까요?
Q2. 토끼도 키보드를 눌렀을 때 움직이는 코드로 수정해 봅시다.
[거북이]
- [과정]
◎ 깃발 클릭했을 때
1. x: -190,  y: -50 으로 이동하기
2. 2초 기다리기
3. ( 출발! ) 을 1초 동안 말하기
4. 무한 반복하기
     4-1. 만약 오른쪽 화살표 키를 눌렀는가? 라면 x좌표를 2만큼 바꾸기
     4-2. 만약 흰색에 닿았는가? 라면 모두 멈추기



Q1. 거북이가 더 빠르게 움직이려면 어떤 블록을 수정해야 할까요?
Q2. 토끼가 잠에 들지 않는 새로운 스토리를 만들어 봅시다."
STEP 1,"코딩 개념 이해하고 순차, 반복, 기본 조건문을 활용한 게임 만들기",고양이 집 찾아가기,488480780,https://scratch.mit.edu/projects/488480780/,https://uploads.scratch.mit.edu/get_image/project/488480780_480x360.png,"[Stage]
- [과정]
◎ 깃발을 클릭했을 때
1. 배경을 미로▼(으)로 바꾸기
[고양이]
- [개요]
고양이가 미로에 갇혔어요.
고양이가 벽을 통과하지 않게 미로를 지나서 집에 도착해보도록 합시다.
(조작은 상하좌우 방향키를 사용해요.)


[구현 순서]
무대 -> 고양이 -> 집


[과정]
◎ 🏴 클릭했을 때
1. x: -130 y: 130 으로 이동하기
2. 크기를 30%로 정하기
3. 무한반복 내부
    3-1. 만약 <위쪽 화살표▼ 키를 눌렀는가?> (이)라면
        3-1-1. 0도 방향 보기
        3-1-2. 5 만큼 움직이기
        3-1-3.  만약 <검은 색에 닿았는가?> (이)라면 -5만큼 움직이기
    3-2.  만약 <집에 닿았는가?> (이)라면
        3-2-1. 배경을 집▼(으)로 바꾸기
        3-2-2. 크기를 100%로 정하기
        3-2-3. 집이다! 를 2초 동안 말하기
        3-2-4. 모두 멈추기    


Q1. 아래, 왼쪽, 오른쪽 화살표를 눌렀을 때의 코드도 몇 도 방향을 봐야 하는지 유의하며 스스로 작성해 봅시다. 
Q2. 아이템이나 함정을 추가해서 고양이가 닿으면 크기가 바뀌거나 다른 장소로 이동하는 코드를 추가해 봅시다.
Q3. 친구와 같이 플레이하는 방법을 생각해봅시다. (WASD 키 사용)
- 검은색에 닿았는가 코드를 무한반복 안에 한번만 넣으면 화살표 키를 두개 이상 동시에 눌렀을 때 벽을 통과하게 됨 ..
[집]
- [과정]
◎🏴 클릭했을 때
1. X: -133 y: -165으로 이동하기
2. 보이기


◎ 배경이 집으로 바뀌었을 때
숨기기"
STEP 1,"코딩 개념 이해하고 순차, 반복, 기본 조건문을 활용한 게임 만들기",미로게임,359959117,https://scratch.mit.edu/projects/359959117/,https://uploads.scratch.mit.edu/get_image/project/359959117_480x360.png,"[플레이어]
- [개요]
내가 원하는 캐릭터를 고른 다음, 미로를 탈출하는 게임을 제작해봅시다.
미로는 3개의 난이도로 이루어져 있으며, 더욱 어려워집니다.
목적지에 도달하면 다음 레벨로 넘어가도록 코드를 작성해봅시다.

[과정]
◎ 깃발을 클릭했을 때 
1. 배경을 Stripes▼ (으)로 바꾸기
2. x: 0 y: 0 (으)로 이동하기
3. 크기를 100%로 정하기
4. <(스페이스▼)키를 눌렀는가?> 까지 반복하기
    4-1. 다음 모양으로 바꾸기
    4-2. 0.2초 기다리기
5. 배경을 maze1▼ (으)로 바꾸기
6. 화살표 키를 눌렀을 때 캐릭터가 움직이게 만들기 (검은색에 닿으면 막혀야 합니다.)



◎ 배경이 maze1 (으)로 바뀌었을 때 
1. x: -25 y: 152 (으)로 이동하기
2. 크기를 30%로 정하기


◎ 배경이 maze2 (으)로 바뀌었을 때 
1. x: -215 y: 162(으)로 이동하기
2. 크기를 20%로 정하기


◎ 배경이 maze3 (으)로 바뀌었을 때 
1. x: -226 y: 135(으)로 이동하기
2. 크기를 20%로 정하기


◎ 배경이 Party로 바뀌었을 때
1. x: 0  y: 0 으로 이동하기
2. 원래 크기와 방향으로 정하기
3. 승리! 를 2초 동안 말하고 모두 멈추기



Q. [무한반복하기] 와 [~까지 반복하기] 의 차이점은 무엇일까요?
[목적지]
- [과정]

◎깃발을 클릭했을 때
1. 숨기기


◎배경이 maze1 (으)로 바뀌었을 때
1. x: 7 y: -124 (으)로 이동하기
2. 크기를 20%로 정하기
3. 보이기
4. <플레이어▼에 닿았는가?> 까지 기다리기
5. 배경을 maze2▼ (으)로 바꾸기


◎배경이 maze2 (으)로 바뀌었을 때
1. x: 200 y: -22 (으)로 이동하기
2. 크기를 15%로 정하기
3. <플레이어▼에 닿았는가?> 까지 기다리기
4. 배경을 maze3▼ (으)로 바꾸기


◎배경이 maze3 (으)로 바뀌었을 때
1. x: 194 y: -110 (으)로 이동하기
2. 크기를 15%로 정하기
3. <플레이어▼에 닿았는가?> 까지 기다리기
4. 배경을 Party▼ (으)로 바꾸기


◎ 배경이 Party로 바뀌었을 때
1. 숨기기"
STEP 2,복제하기와 간단한 연산을 활용한 게임 만들기,신호의 마술사,1173026987,https://scratch.mit.edu/projects/1173026987/,https://uploads.scratch.mit.edu/get_image/project/1173026987_480x360.png,"[Stage]
- [과정]
◎ 🏴클릭했을 때
배경을 Castle3으로 바꾸기


◎ 순간이동 신호를 받았을 때
배경을 Castle2로 바꾸기


Q. 배경을 여러개 더 추가해서 순간이동을 여러 번 해보면 어떨까요?
[마술사]
- [개요]
신호 보내기에 대해 알아봅시다.
신호는 내가 원할 때 원하는 동작을 해낼 수 있도록 다른 스프라이트나 배경 등에 명령을 하는 역할을 해요.
신호의 마술사가 개구리와 배경에 어떤 신호를 보내서 마술을 보여주는지 함께 만들어 봐요.


[과정]
※ 새로운 신호를 만들려면 신호 보내기 블록을 가져와서 '새로운 메시지' 를 누릅니다.


◎ 🏴클릭했을 때
1. 점프! 를 2초 동안 말하고 점프 신호를 보내기 한 다음 2초 기다리기
2. 돌아라, 작아져라, 커져라, 순간이동 신호도 같은 방법으로 보냅니다.
3. 돌아라, 작아져라, 커져라 신호는 개구리가, 순간이동 신호는 배경이 받아야 합니다.



Q. 추가로 어떤 신호들을 더 보낼 수 있을까요? 다양한 마술을 부려 봅시다.
[개구리]
- [과정]
◎ 신호를 받았을 때
각 신호의 내용에 맞도록 개구리의 위치, 점프 모양, 크기 등을 바꿔 봅시다.


◎ 🏴클릭했을 때
신호를 받기 전 처음 위치, 모양, 크기 등을 정해둡니다."
STEP 2,복제하기와 간단한 연산을 활용한 게임 만들기,화분에 꽃 피우기,1174289386,https://scratch.mit.edu/projects/1174289386/,https://uploads.scratch.mit.edu/get_image/project/1174289386_480x360.png,"[구름]
- [개요]
좌우로 움직이는 구름이 바구니에 빗방울을 떨어뜨리면 꽃이 자라나는 게임을 만들어 봅시다.
스페이스 키를 누르면 구름은 빗방울 신호를 보내고, 빗방울 신호를 받은 빗방울은 아래로 떨어집니다.
아래로 떨어지는 빗방울이 바구니에 닿으면 꽃피우기 신호를 보냅니다.
누가 언제 신호를 보내고 신호를 받으면 어떤 동작이 실행되는지에 유의하며 만들어 봅시다.


[과정]
◎ 🏴클릭했을 때
좌우로 움직이면서 벽에 튕기기를 반복하다가, 스페이스 키를 누르면 빗방울 신호를 보내기
[빗방울]
- [과정]
◎ 🏴클릭했을 때
숨기기


◎ 빗방울 신호를 받았을 때
1. 구름으로 이동한 후 보이기
2. 땅에 떨어질 때까지 y좌표를 바꾸기
3. Bowl에 닿으면 꽃피우기 신호를 보내기
4. 숨기기


Q. 땅에 떨어질 때까지 y좌표를 바꾸려면 얼마나 반복해야 할까요? 
좌표를 계산해서 숫자를 찾는 것도 좋고, [~까지 반복하기] 블록을 사용해도 좋습니다.
[Flowers]
- [과정]
◎ 🏴클릭했을 때
숨기기


◎ 꽃피우기 신호를 받았을 때
빗방울로 이동한 후 보이고 모두 멈추기
[Bowl]
- [과정]
◎ 🏴클릭했을 때
좌우로 움직이기를 무한반복하기



Q1. 게임을 더욱 어렵게 만들려면 어떻게 할 수 있을까요? 구름과 바구니의 속도를 다르게 만들어 봅시다.
Q2. 점수 변수를 추가하여 꽃을 피울 때마다 1점씩 얻게 해봅시다.
Q3. 점수를 10점 얻으면 게임이 끝나는 것으로 바꾸어 봅시다."
STEP 2,복제하기와 간단한 연산을 활용한 게임 만들기,랜덤 점프하기,1172959521,https://scratch.mit.edu/projects/1172959521/,https://uploads.scratch.mit.edu/get_image/project/1172959521_480x360.png,"[Rabbit]
- [개요]
연산 탭의 [ 1 부터 10 사이의 난수 ] 블록에 대해서 배워 봅시다. 
난수란, 랜덤(무작위)으로 숫자를 골라주는 블록이에요.
예를 들어 1부터 3 사이의 난수라고 하면, 1, 2, 3 중에 하나 골라서 정해지는 거예요.
개구리와 메뚜기가 랜덤 거리만큼 점프해서 더 멀리 점프하면 승리하는 게임을 만들어 봅시다.


[과정]
◎ 🏴클릭했을 때
1. 스페이스 키를 눌렀다면 2~5번 과정을 실행하기
2. 개구리, 메뚜기 변수를 각각 난수로 정하기 (숫자는 자유롭게 바꿔 봅시다.)
3. 개구리 점프, 메뚜기 점프 신호 보내고 2초 기다리기
4. 개구리가 멀리 갔다면 개구리 승! 을 2초 동안 말하고, 메뚜기가 멀리 갔다면 메뚜기 승!을 2초 동안 말하기
5. 모두 멈추기



Q1. 개구리와 메뚜기 중 누가 멀리 갔는지 알 수 있으려면 어떻게 비교해야 할까요? 부등호 블록을 찾아 봅시다.
Q2. 게임이 끝난 후의 상황을 자유롭게 상상해서 만들어 봅시다.
[개구리]
- [과정]
◎ 🏴클릭했을 때
모양을 Frog 2-a 로 바꾸고, x: -160  y: -30 으로 이동하기


◎ 개구리 점프 신호를 받았을 때
모양 바꾸기를 이용해서 뛰는 모습을 구현하고, 동시에 개구리 변수만큼 오른쪽으로 이동합니다.
반복하기를 사용해서 자연스럽게 움직이는 모습을 만들어 줍니다.
[메뚜기]
- [과정]
◎ 🏴클릭했을 때
모양을 Grasshopper-a 로 바꾸고, x: -160  y: -110 으로 이동하기


◎ 메뚜기 점프 신호를 받았을 때
모양 바꾸기를 이용해서 뛰는 모습을 구현하고, 동시에 메뚜기 변수만큼 오른쪽으로 이동합니다.
반복하기를 사용해서 자연스럽게 움직이는 모습을 만들어 줍니다."
STEP 2,복제하기와 간단한 연산을 활용한 게임 만들기,그대로 멈춰라,1172969499,https://scratch.mit.edu/projects/1172969499/,https://uploads.scratch.mit.edu/get_image/project/1172969499_480x360.png,"[Ball]
- [개요]
무작위로 모양을 바꾸면서 춤을 추다가 신호를 받으면 멈추고, 다시 춤을 추는 프로그램을 만들어 봅시다.
[ 1 부터 10 사이의 난수 ] 블록은 숫자를 랜덤으로 정해주는 블록이에요.
숫자를 랜덤으로 정하는데 그걸로 어떻게 모양을 바꿀 수 있을까요? 
각 모양에는 모양 번호가 있어서, 모양을 난수로 바꿔주면 난수가 골라주는 숫자에 맞는 모양번호로 바뀌게 된답니다.



[과정]
◎ 🏴클릭했을 때
시작 신호 보내기


◎ 시작 신호를 받았을 때
1. 춤추기 신호 보내기
2. 즐겁게~ 춤을 추다가~ 를 2초 동안 말하기
3. 그대로 멈춰라! 를 1초 동안 말하기
4. 멈추기 신호 보낸 후 2초 기다렸다가 시작 신호 보내기



Q. 각각의 신호가 어떤 역할을 하는지 생각해 봅시다.
[Champ99]
- [과정]
◎ 춤추기 신호를 받았을 때
모양을 1부터 7 사이의 난수로 바꾸고, 0.1초 기다리기를 무한 반복하기



◎ 멈추기 신호를 받았을 때
1. 이 스프라이트에 있는 다른 스크립트 멈추기
2. 만약 모양번호 = 1 이라면 만세!를 2초 동안 말하기



Q1. 왜 난수의 범위를 1~7로 정했을까요? 이 스프라이트의 모양이 몇 개 있는지 확인해봅시다.
Q2. 각 모양에 어울리는 대사를 생각해서 모양번호=2 일 때, 모양번호=3 일 때 ... 모든 경우에 대사를 넣어 봅시다.
Q3. 다른 친구들도 같이 춤을 출 수 있도록 코드를 스스로 작성해 봅시다."
STEP 2,복제하기와 간단한 연산을 활용한 게임 만들기,키보드 광클게임,1164435134,https://scratch.mit.edu/projects/1164435134/,https://uploads.scratch.mit.edu/get_image/project/1164435134_480x360.png,"[Balloon1]
- 리스트 기본 형태
- ★. 사용자 이름을 같이 추가할 경우
- ★★★. 점수를 내림차순으로 넣기
- 유저 이름 물어보기
- 풍선 올라오기
- 60초 세기
- 풍선생성
- [개요]
복제하기에 대해 알아봅시다.
복제하기는 스프라이트를 따로 추가하지 않아도 똑같이 생긴 스프라이트를 만들어내는 기능입니다.
그리고 복제되었을 때 어떤 기능을 할지 따로 넣어줄 수 있어요.
스페이스 키를 눌렀을 때 풍선이 복제되고, 복제된 풍선은 무작위 위치에서 위로 떠오르다 벽에 닿으면 삭제됩니다.


[과정]
◎ 🏴클릭했을 때
1. 숨기기
2. 스페이스 키를 누르면 나 자신을 복제한 후 스페이스 키를 누르지 않을 때까지 기다리기
( 연산 탭의 <  이(가) 아니다> 블록 사용)


◎ 복제되었을 때
1. 보이기
2. x: 난수  y: -140 으로 이동하기
3. 색깔 효과를 0부터 256 사이의 난수 로 정하기
4. 벽에 닿을 때까지 y좌표를 10만큼 바꾸기 반복
5. 이 복제본 삭제하기



Q1. 깃발을 클릭했을 때 숨기는 이유는 무엇일까요?
Q2. 스페이스 키를 누르지 않을 때까지 기다리기 하는 이유는 무엇일까요? 블록을 빼고 실행해서 차이를 확인해 봅시다.
Q2. 다른 스프라이트를 추가하여 화살표 키를 눌렀을 때 복제하는 코드를 만들어 봅시다.
Q3. 점수 변수를 만들어서 풍선을 복제할 때마다 점수가 올라가게 만들어 봅시다."
STEP 2,복제하기와 간단한 연산을 활용한 게임 만들기,로켓포 발사하기,1163615811,https://scratch.mit.edu/projects/1163615811/,https://uploads.scratch.mit.edu/get_image/project/1163615811_480x360.png,"[Rocketship]
- [개요]
로켓포를 발사하여 무작위 위치에 나타나는 별을 맞혀 봅시다.
별은 y좌표를 고정한 채  x좌표만 무작위로 바뀌어야 합니다.


[과정]
◎ 🏴클릭했을 때
1. x: 0  y: -120 으로 이동하기
2. 왼쪽, 오른쪽 화살표 키를 누르면 각각 왼쪽, 오른쪽으로 움직인다.
3. 스페이스 키를 누르면 발사 신호 보내고 기다리기
[Crystal]
- [과정]
◎ 🏴클릭했을 때
1. 80도 방향 보고 숨기기


◎ 발사 신호를 받았을 때
1. Rocketship 으로 이동하고 보이기
2. 별이 있는 곳까지 y좌표를 바꾼 후 숨기기


Q. 발사 신호를 받았을 때 복제하여, 별에 닿거나 벽에 닿으면 복제본을 삭제하는 코드로 수정해보세요.
[Star]
- [과정]
◎ 🏴클릭했을 때
1. x: 난수  y: 140 으로 이동하기
2. Crystal에 닿으면 0.1초 후 무작위 위치로 이동하기



Q1. 별을 맞힐 때마다 별에 색깔, 픽셀화 등의 효과를 바꿔 봅시다.
Q1. 점수 변수를 만들어 별을 맞힐 때마다 점수를 1점씩 올리고, 10점 이상이면 게임이 끝나게 만들어 봅시다.
Q2. 별이 움직이거나, 1초 동안 맞히지 못하면 다른 위치로 가는 등 게임을 더 어렵게 만들어 봅시다."
STEP 2,복제하기와 간단한 연산을 활용한 게임 만들기,바닷속 장애물 피하기,1160957611,https://scratch.mit.edu/projects/1160957611/,https://uploads.scratch.mit.edu/get_image/project/1160957611_480x360.png,"[Dot]
- [개요]
강아지가 바닷속에서 친구를 찾아 모험을 떠나려고 해요.
하지만 친구의 위치는 계속해서 바뀌고, 가는 길에는 투명한 장애물들이 숨어 있어요.
강아지가 장애물을 피해 친구를 만나러 갈 수 있도록 해봅시다.


[과정]
◎ 🏴클릭했을 때
1. x: -180  y: -130 으로 이동하기
2. ""친구를 만나러 가자!"" 를 2초 동안 말하기
3. 화살표를 누르면 위, 아래, 왼쪽, 오른쪽으로 이동하기
4. Rocks에 닿으면 ""아야!"" 를 1초 동안 말하기
5. Kiran에 닿으면 ""성공!"" 을 2초 동안 말하고, 모두 멈추기



Q1. 모양 바꾸기를 사용해서 강아지가 수영하는 모습을 추가해 봅시다.
Q2. 왼쪽, 오른쪽으로 움직일 때는 방향도 왼쪽, 오른쪽으로 바꿔야 합니다.
Q3. 움직이지 않고 가만히 있으면 조금씩 가라앉는 것을 구현해 봅시다.
- Q1 추가내용
- Q3 추가내용
[Kiran]
- [과정]
◎ 🏴클릭했을 때
랜덤 위치(단, y좌표는 145)로 이동한 뒤 3초간 보였다가 다시 3초간 숨는 것을 반복해주세요.


Q. 숨기기, 보이기 대신 투명하게 만드는 방법도 있을까요?
[Rocks]
- [과정]
◎ 🏴클릭했을 때
원본은 숨기고, 나 자신을 15번 복제하기


◎ 복제되었을 때
1. 무작위 위치로 이동하기( x, y좌표와 난수 이용하기) 한 후에 보이기
2. 모양을 3개 중에 랜덤으로 바꾸어 보인 후 1초 기다리기
3. 서서히 투명해지도록 투명도 효과 바꾸기
4. 만약 강아지에게 닿으면 0.5초 기다렸다가 복제본 삭제하기



Q1. 강아지에게 닿았을 때 삭제하기 전에 잠깐 보이게 하려면 어떻게 해야 할까요?
Q2. 게임의 난이도를 더 어렵게 만드려면 어떻게 할 수 있을까요?
- Q1 추가내용"
STEP 2,복제하기와 간단한 연산을 활용한 게임 만들기,달걀받기,199176305,https://scratch.mit.edu/projects/199176305/,https://uploads.scratch.mit.edu/get_image/project/199176305_480x360.png,"[열기구]
- [개요]
좌우로 움직이는 열기구에서 달걀이 떨어져요.
달걀이 깨지지 않도록 양을 좌우 방향키로 조작하여 바구니에 안전하게 받아봅시다.

[과정]
◎ 🏴 클릭했을때
1. x: 0 y: 120 (으)로 이동하기
2. 크기 60%로 정하기
3. 일정 시간마다 랜덤 위치(단, y는 120)로 이동한 후 달걀 복제하기를 반복하기
[달걀]
- 늑대위치로 이동하기
보이기
떨어지

바구니에 닿으면 점수 증가

땅에 닿으면 깨진달걀 보이기
- [과정]
◎ 🏴 클릭했을 때
점수 변수를 0으로 정하고 숨기기


◎ 복제되었을 때
1. 모양을 달걀로 바꾸기
2. x: ((열기구)의 [x좌표]) y: ((열기구)의 [y좌표]) (으)로 이동하기    ==> 감지의 ((무대)의 [배경 번호]) 블록 사용
3. 보이기
4. <(잔디색)에 닿았는가?> 까지 반복하기	==> 감지, 색 부분 눌러서 잔디 색으로 바꾸기
    4-1. y좌표를 -2 만큼 바꾸기
    4-2. 만약 바구니에 닿았다면
        4-2-1. 점수를 1만큼 바꾸기   
        4-2-2. 이 복제본 삭제하기
5. 모양을 깨진달걀로 바꾸기
6. ( 0.3 )초 기다리기
7. 이 복제본 삭제하기
[바구니]
- [과정]
◎ 🏴 클릭했을때
1. y좌표를 -123 (으)로 정하기
2. x좌표를 (양의 x좌표) (으)로 정하기를 무한반복하기
[양]
- [과정]

◎ 🏴 클릭했을 때 
1. x: 0, y: -147로  이동하기
2. 왼쪽, 오른쪽 화살표 키를 눌렀을 때 좌우로 움직이게 만들기"
STEP 2,복제하기와 간단한 연산을 활용한 게임 만들기,마법봉 복제하기,197876201,https://scratch.mit.edu/projects/197876201/,https://uploads.scratch.mit.edu/get_image/project/197876201_480x360.png,"[마법사]
- [개요]
마녀가 빗자루를 타고 장난을 치고있어요.
화가 난 마법사는 마법봉을 사용하여 마녀에게 별마법을 사용하려합니다.
마법봉을 알맞게 조작하여 점수를 획득하는 프로그램을 완성해봅시다.


[과정]
◎ 깃발을 눌렀을 때
1. x: -167, y: -124 (으)로 이동하기
2. 점수▼을(를) 0으로 정하기
3. 무한반복 내부
    3-1. 만약 <(점수)=5>(이)라면 
         3-1-1. 멈추기 [모두▼]
[마법봉]
- [과정]
◎ 깃발 클릭했을때
1. x: -202 y: -118 (으)로 이동하기
2. 90도 방향보기
3. 무한 반복 내부
     3-1. 만약 <위쪽 화살표▼ 키를 눌렀는가?> (이)라면
          3-1-1. 시계반대방향으로  ___도 회전하기
     3-2. 만약 < (방향)이 0보다 작다 >(이)라면       ----->  연산
          3-2-1. 시계방향으로 ___도 돌기
     3-3. 만약  <아래쪽 화살표▼ 키를 눌렀는가?> (이)라면
          3-3-1. 시계방향으로 ___도 돌기 
     3-4. 만약  < (방향)이 170보다 크다 >(이)라면 
          3-4-1. 시계반대방향으로 ___도 회전하기


* 빈칸의 숫자는 자유롭게 설정해주세요.
[Star1]
- [과정]
◎ 깃발을 클릭했을 때
1. 숨기기
2. 무한 반복하기
     2-1. 만약 <스페이스 키를 눌렀는가?> 라면
         2-1-1. (나 자신▼) 복제하기
         2-1-2. (0.1) 초 기다리기


◎ 복제되었을때
1. 보이기
2. 마법봉으로 이동하기
3. (마법봉▼의 방향▼)도 방향 보기 
4. <벽▼에 닿았는가?>까지 반복하기
     4-1. ___만큼 움직이기   ==> 빈칸의 숫자를 채워보세요.
     4-2. 만약 <마녀▼에 닿았는가?> 라면
          4-2-1. 점수 을(를) 1만큼 바꾸기
          4-2-2. (0.1) 초 기다리기
          4-2-3. 이 복제본 삭제하기
5. 이 복제본 삭제하기
[마녀]
- [과정]
◎ 깃발 클릭했을때
1. 무한반복 내부
   1-1. 만약 <별에 닿았는가?> 라면
       1-1-1. ___번 반복하기
             1-1-1-1. [모자이크▼] 효과를 10만큼 바꾸기
       1-1-2. ___번 반복하기
             1-1-2-1. [모자이크▼] 효과를 -10만큼 바꾸기
 

◎ 깃발 클릭했을때 
1. 무한반복 내부
    1-1. 1초동안 (랜덤 위치▼)로 이동하기

* 빈칸의 숫자는 자유롭게 설정해주세요."
STEP 2,복제하기와 간단한 연산을 활용한 게임 만들기,야구공으로 인형 맞히기,489413495,https://scratch.mit.edu/projects/489413495/,https://uploads.scratch.mit.edu/get_image/project/489413495_480x360.png,"[화살표]
- [개요]
움직이는 화살표에 맞추어 공을 던져봅시다.
만약 인형, Robot, Bus, Gift가 야구공에 닿으면 쓰러져야 합니다.
이 때 움직이는 각도를 저장하기 위해 각도(변수)를 사용해야 합니다.


[과정]
◎ 깃발을 클릭했을 때
1. 0도 방향보기
2. 각도▼을(를) 0으로 정하기
3. 무한반복 내부에 넣어주세요.
    3-1. 만약 <오른쪽 화살표▼ 키를 눌렀는가?> (이)라면 
           각도▼을(를) 1만큼 바꾸기
    3-2. 만약 <왼쪽 화살표▼ 키를  눌렀는가?> (이)라면
           각도▼을(를)-1만큼 바꾸기
    3-3. (각도)도 방향보기

Q. 회전 범위는 -60~ 60도로 제한하려 합니다. 어떻게 하면 각도 변수의 범위를 지정할 수 있을까요?

[마무리]
장난감을 맞출 때마다 점수를 오르게 해봅시다.
(단, 장난감에 닿는동안 점수가 오르지 않고, 맞추었을 때만 점수가 올라야합니다.)
[야구공]
- [과정]
◎ 깃발을 클릭했을 때
1. 무한반복 내부에 넣어주세요.
    1-1. (화살표의 방향) 도 방향보기
    1-2 화살표로 이동하기
    1-3. 만약 <스페이스▼ 키를 눌렀는가?>라면 
        1-2-1. 나 자신▼ 복제하기

◎ 복제되었을 때
1. 무한반복
    1-1. 10만큼 움직이기
    1-2. 만약 <벽▼에 닿았는가?> 
        1-2-1. 이 복제본 삭제하기
    1-3. 만약 <인형▼에 닿았는가?> 라면 
        1-3-1. 맞았다! 을(를) 1초동안 말하기
        1-3-2. 이 복제본 삭제하기

Q. 야구공의 각도는 무엇때문에 화살표와 같은 방향을 보고 있을까요?
- 야구공의 각도
- 복제된 야구공이 날라가는 코드
[인형]
- [과정]
◎ 깃발을 클릭했을 때
1. 무한반복 내부에 넣어주세요.
    1-1. 만약 <야구공▼에 닿았는가?>라면 
        1-1-1. 숨기기
        1-1-2. (1부터 2사이의 난수) 초 기다리기
        1-1-3. 보이기


★인형외에 다른 장난감들도 같은 코드를 적용할 수 있습니다. 
    1-1 안의 내용을 바꾸어 밑으로 떨어지거나, 색깔이 바뀌는 등의 다양한 효과를 구현해봅시다."
STEP 2,복제하기와 간단한 연산을 활용한 게임 만들기,번개피하기,324024985,https://scratch.mit.edu/projects/324024985/,https://uploads.scratch.mit.edu/get_image/project/324024985_480x360.png,"[Stage]
- - 목숨, 점수 초기화- 점수가 10씩 커질때 마다  우주배경 바꾸기
[외계인]
- [개요]
번개를 피하여 별을 얻는 프로그램을 제작해봅시다. 

하늘에서 번개와 별이 외계인을 향해 위에서 아래로 떨어집니다.
별에 닿으면 점수를 획득하지만, 번개에 닿으면 목숨을 잃게됩니다.
번개를 최대한 피하여 점수를 획득해봅시다.

[과정]
◎ 깃발 클릭했을때 
1. x: 0 y: -90 (으)로 이동하기
2. 회전 방식을 [왼쪽-오른쪽▼] (으)로 정하기    ---- 동작
3. 무한 반복 내부
    3-1. 만약 <<오른쪽 화살표▼ 키를 눌렀는가?> 또는 <d▼ 키를 눌렀는가?>> (이)라면    --------제어, 감지, 연산
        3-1-1. 90도 방향 보기 --------동작
        3-1-2. x좌표를 10만큼 바꾸기 --------동작
    3-2. 만약 <<왼쪽 화살표▼ 키를 눌렀는가?> 또는 <a▼ 키를 눌렀는가?>> (이)라면        --------제어, 감지
        3-2-1. -90도 방향 보기 --------동작
        3-2-2. x좌표를 -10만큼 바꾸기 --------동작
    3-3. 만약 < (점수)=10 >(이)라면    ---- 변수, 제어, 연산
        3-3-1. ""성공!"" 을(를) 2초동안 말하기
        3-3-2. 멈추기 [모두▼]
    3-4. 만약 < (목숨)<1 >(이)라면
        3-3-1. ""실패ㅠㅠ"" 을(를) 2초동안 말하기
        3-3-2. 멈추기 [모두▼] 


◎ 깃발 클릭했을 때
1. 모양을 (gobo-a▼) (으)로 바꾸기
2. 무한 반복 내부
     2-1. 만약 <별에 닿았는가?> (이)라면
          2-1-1. 모양을 (gobo-b▼) (으)로 바꾸기
          2-1-2. 0.3초 기다리기
          2-1-3. 모양을 (gobo-a▼) (으)로 바꾸기
     2-2. 만약 <번개에 닿았는가?> (이)라면
          2-2-1. 모양을 (gobo-c▼) (으)로 바꾸기
          2-2-2. 0.3초 기다리기
          2-2-3. 모양을 (gobo-a▼) (으)로 바꾸기


Q. 하늘에서 어떤 물체가 떨어질 수 있을까요? 시간에 따라 난이도를 어렵게 하는 방법도 추가해봅시다.
[별]
- [과정]
◎ 깃발 클릭했을 때 
1. 점수▼을(를) 0로 정하기
2. 숨기기
3. 무한반복 내부
    3-1. (1부터 5사이의 난수) 초 기다리기 ---- 연산, 제어
    3-2. 나 자신▼ 복제하기
 
◎ 복제되었을 때
1. 보이기
2. x : (-220부터 220사이의 난수)  y : 160으로 이동하기 ---- 연산, 동작
3. 무한반복 내부
    3-1. y좌표를 (- 10)만큼 바꾸기
    3-2. 만약 <벽▼에 닿았는가?> (이)라면
        3-2-1. 0.1초 기다리고 복제본 삭제하기
    3-3. 만약 <외계인▼에 닿았는가?> (이)라면
        3-3-1. 점수를 (+1)만큼 바꾸기 
        3-3-2. 0.1초 기다리기 
        3-3-3. 이 복제본 삭제하기
[번개]
- [과정]
◎ 깃발 클릭했을때 
1. 목숨▼을(를) 0로 정하기
2. 숨기기
3. 무한반복 내부
    3-1. (1부터 5사이의 난수) 초 기다리기 ---- 연산, 제어
    3-2. 나 자신▼ 복제하기

◎ 복제되었을때
1. 보이기
2. 모양을 ( ( lightning ) 와(과) (1부터 4사이의 난수) 결합하기 ) (으)로 바꾸기	---- 연산, 형태
3. x : (-225부터 225사이의 난수)  y : 158으로 이동하기 ---- 연산, 동작
4. 무한반복 내부
    4-1. y좌표를 (- 10)만큼 바꾸기
    4-2. 만약 <벽▼에 닿았는가?> (이)라면
        4-2-1. 0.1초 기다리고 복제본 삭제하기
    4-3. 만약 <외계인▼에 닿았는가?> (이)라면
        4-3-1. 목숨을 (-1)만큼 바꾸기 
        4-3-2. 0.1초 기다리기 
        4-3-3. 이 복제본 삭제하기"
STEP 2,복제하기와 간단한 연산을 활용한 게임 만들기,눈송이를 모아라,316277950,https://scratch.mit.edu/projects/316277950/,https://uploads.scratch.mit.edu/get_image/project/316277950_480x360.png,"[고양이]
- [좌우 이동 조작]
1. 보이기 
2. 크기를 70%로 정하기 
3. x: 0,  y: 160 (으)로 이동하기 
4. 무한 반복하기
     4-1. 만약 <오른쪽 화살표 키를 눌렀는가?> 라면
          4-1-1. x 좌표를 10만큼 바꾸기 
     4-2. 만약 <왼쪽 화살표 키를 눌렀는가?> 라면
          4-1-2. x 좌표를 -10만큼 바꾸기
- [캐릭터가 옆으로 자연스럽게 움직이는 효과 구현하기]
1. 무한 반복하기
     1-1. 만약 <오른쪽 화살표 키를 눌렀는가?> 라면
          1-1-1. 시계 방향으로 15도 돌기
          1-1-2. <<오른쪽 화살표 키를 눌렀는가?> 가 아니다> 까지 반복하기
               (1) x좌표를 10만큼 바꾸기
          1-1-3. 반시계 방향으로 15도 돌기
     1-2. 만약 <왼쪽 화살표 키를 눌렀는가?> 라면
          (오른쪽 화살표 키 코드를 참고해서 구현해 봅시다.)
- [감전 효과 구현하기]
1. 모양을 (고양이▼) (으)로 바꾸기
2. 무한 반복하기
     2-1. 만약 <번개에 닿았는가?> 라면
          2-1-1. 모양을 (번개맞은 고양이▼) (으)로 바꾸기
          2-1-2. 0.1초 기다리기
          2-1-3. 투명도 효과를 100으로 정하기    ----->  [[색깔▼] 효과를 0 (으)로 정하기] 블록 사용
          2-1-4. 0.1초 기다리기
          2-1-5. 투명도 효과를 0으로 정하기
          2-1-6. 모양을 (고양이▼) (으)로 바꾸기
- [게임 종료 조건]
1. 배경을 (하늘▼) (으)로 바꾸기
2. 무한반복하기
     2-1.만약 < 점수=30 > 라면
          2-1-1. 배경을 (땅▼) (으)로 바꾸기
          2-1-2. 1초동안 x: 0  y: -100  으로 이동하기
          2-1-3. 멈추기 [모두▼]


Q. 게임이 시작될 때 점수와 목숨 변수는 각각 0, 1로 정해져야 합니다.
어디에 넣어야 할까요?
- [개요]
땅에 안전하게 도착할 수 있도록 고양이를 움직이는 프로그램을 만들어봅시다.
떨어지는 중에는 아래에서 위로 번개와 눈송이가 올라오게 됩니다.

고양이가 땅에 안전하게 착륙하기 위해서는 번개를 피해야 합니다.
만약 번개에 닿을 경우에는 고양이가 잠깐동안 감전된 모습으로 바뀐 후 아이템의 개수가 줄어듭니다.

눈송이를 모으면 점수가 증가하며, 만약 30점 이상에 도달하면 배경이 땅으로 바뀌며 게임이 종료됩니다. 

고양이 조작은 왼쪽 방향키와 오른쪽 방향키로 이루어집니다.

[팁]
 고양이->눈송이->번개->아이템 순서로 만들면 만들기가 쉬워집니다.


[과정]
◎ 🏴클릭했을 때
1. 보이기, 크기는 70%, 모양을 고양이로 바꾸기
2. x: 0  y:160 으로 이동하기
3. 오른쪽 화살표 키를 누르면 시계방향으로 15도 돌고 화살표 키를 누르지 않을 때까지 오른쪽으로 이동하다가, 다시 반시계 방향으로 15도 돌기 (왼쪽 화살표도 기능 만들기)
4. 번개에 닿으면 번개맞은 고양이 모양으로 두번 바뀌면서 감전 효과 구현하기
5. 점수=30이면 배경을 땅으로 바꾸고 1초동안 x: 0  y: -100  으로 이동하고 모두 멈추기



Q1. 게임이 시작될 때 점수와 목숨 변수는 몇이어야 할까요?
Q2. 배경은 처음에 어떻게 되어야 할까요?
[번개]
- ◎ 깃발클릭했을때 
1. 숨기기
2. 0.5초~2초 마다 나 자신 복제하기



◎ 복제되었을때
1. 보이기
2. x : -220 ~220 사이 난수,  y : -160으로 이동하기
3. 위로 계속해서 올라가다가 위쪽 벽에 닿으면 0.1초 후 복제본 삭제하기
4. 고양이에게 닿으면 목숨을 1만큼 바꾸고 복제본 삭제하기



Q. 목숨 변수가 1만큼 바뀌면 무슨 일이 생기나요?
[눈송이]
- ◎ 깃발클릭했을때 
1. 숨기기
2. 0.1초 ~ 1초마다 나 자신 복제하기



◎ 복제되었을때
1. 보이기
2. x : -220 ~220 사이 난수,  y : -160으로 이동하기
3. 위로 올라가다가 위쪽 벽에 닿으면 0.1초 후 복제본 삭제하기
4. 고양이에 닿으면 점수를 1만큼 바꾸고 복제본 삭제하기
[아이템]
- ◎ 🏴 클릭했을때 
1. x: 189,  y: 156 으로 이동하기
2. 모양을 목숨 변수로 바꾸기
3. 목숨=4 라면 모두 멈추기




Q. 목숨 변수를 사용하지 않고, 어떻게 종료 조건을 정할 수 있을까요?
(Hint. 신호를 사용해봅시다.)"
STEP 2,복제하기와 간단한 연산을 활용한 게임 만들기,우주쓰레기 청소하기,1172586551,https://scratch.mit.edu/projects/1172586551/,https://uploads.scratch.mit.edu/get_image/project/1172586551_480x360.png,"[인공위성]
- [개요]
UFO를 피해 인공위성을 조종하며 우주에 생기는 쓰레기를 모아 청소해 봅시다!
계속해서 복제되며 생겨나는 쓰레기를 30개 모으면 청소가 끝나게 됩니다.
인공위성은 행성에서 출발하여 화살표 키를 눌러 움직이고, 중간에 움직이는 UFO와 부딪히면 방해를 받아요.



[과정]
◎ 🏴클릭했을 때
1. Planet2으로 이동하고, 크기를 5%로 정하기
2. 45%까지 점점 커지면서 아래로 이동하기
3. 게임시작 신호 보내기


◎ 게임시작 신호를 받았을 때
1. 위, 아래, 왼쪽, 오른쪽 화살표를 눌렀을 때 이동하기. 왼쪽 오른쪽은 방향도 같이 바꿔줍니다.
2. UFO에 닿으면 픽셀화 효과를 30으로 정하고 한바퀴 회전한 후, 그래픽 효과 지우기
3. 쓰레기 변수가 30이 되면 청소 끝! 을 2초 동안 말하고 모두 멈추기



Q1. 게임의 난이도를 조절하려면 어떻게 할까요? 시간 제한을 만들어 봅시다.
Q2. 인공위성을 방해하는 장애물을 새롭게 추가해 봅시다.
[쓰레기]
- [과정]
◎ 🏴클릭했을 때
1. 쓰레기 변수를 0으로 정하고 숨기기
2. 일정 시간마다 나 자신 복제하기


◎ 복제되었을 때
1. 무작위 위치로 이동하고 보이기
2. 인공위성에 닿으면 쓰레기를 1만큼 바꾸고 복제본 삭제하기


Q. 쓰레기가 생기는 타이밍을 랜덤으로 정하려면 어떻게 할까요?
[UFO]
- [과정]
◎ 게임 시작 신호를 받았을 때
1. 아무렇게나 이동하는 모습을 구현해주세요. (자유롭게 만들기)
2. 인공위성에 닿으면 픽셀화 효과를 80으로 정하고, ""비상! 충돌!"" 을 1초 동안 말하고 그래픽 효과 지우기"
STEP 2,복제하기와 간단한 연산을 활용한 게임 만들기,떨어지는 과일 맞히기,1164446388,https://scratch.mit.edu/projects/1164446388/,https://uploads.scratch.mit.edu/get_image/project/1164446388_480x360.png,"[조준경]
- [개요]
떨어지는 과일을 마우스로 클릭하여 점수를 얻는 게임을 만들어 봅시다.
중간에 새가 날아가며 방해하는데, 새를 맞히면 점수를 잃게 됩니다.


 
[과정]
◎ 🏴클릭했을 때
1. 점수 변수를 0으로 정하기
2. 무한 반복하기
     2-1. 마우스 포인터로 이동하기
     2-2. 마우스를 클릭하면 크기를 10만큼 바꾸고 0.1초 기다렸다가 다시 -10만큼 바꾼다.
[Parrot]
- [과정]
◎ 🏴클릭했을 때
1. 숨기기
2. 무한 반복하기
     2-1. 5~10초 기다린 후 나 자신 복제하기 (난수 사용)


◎ 복제되었을 때
1. x: -200  y: 난수 로 이동하기
2. 벽에 닿을 때까지 반복하기
     2-1. x좌표를 5만큼 바꾸기
     2-2. 조준경에 닿았고, 마우스를 클릭했다면 점수를 -5만큼 바꾸고 복제본 삭제하기   ---> 연산 탭의 <그리고> 블록 사용
3. 이 복제본 삭제하기


◎ 복제되었을 때
1. 보이기
2. 모양 바꾸기를 무한 반복하여 날갯짓하는 모습 만들기



Q1. 복제되었을 때 블록을 두 개 쓰는 이유는 무엇일까요?
Q2. 새가 어디서 나와서 어디로 이동하나요? 반대 방향으로도 이동할 수 있게 코드를 수정해 봅시다.
[과일]
- [과정]
◎ 🏴클릭했을 때
1. 숨기기
2. 0.5~2초 기다린 후 나 자신 복제하기


◎ 복제되었을 때
1. 모양을 1부터 2 사이의 난수로 바꾸기
2. 보이기
3. x: 난수  y: 150 으로 이동하기
4. 벽에 닿을 때까지 반복하기
     4-1. y좌표를 -7만큼 바꾸기
     4-2. 조준경에 닿았고, 마우스를 클릭했다면 점수를 1만큼 바꾸고 복제본 삭제하기
5. 이 복제본 삭제하기



Q1. 다른 과일 또는 음식 모양을 추가해서 다양하게 모양을 바꿔 봅시다.
Q2. 일정 횟수 이상 새를 맞히면 게임이 끝나도록 만들어 봅시다."
STEP 2,복제하기와 간단한 연산을 활용한 게임 만들기,풍선런,321104069,https://scratch.mit.edu/projects/321104069/,https://uploads.scratch.mit.edu/get_image/project/321104069_480x360.png,"[풍선]
- 스페이스키를 눌렀을때
점프하게 만들어주세요
.
점프할때는 
모양이 바뀌게 해주세요.
- [개요]
풍선쪽으로 오는 압정을 점프하여 피해봅시다.
압정을 피할 때마다 점수를 얻지만, 목숨이 0이 될 경우 게임이 종료됩니다.

[과정]
◎🏴 클릭했을 때
1. x: -190 y: -50 으로 이동하기
2. 모양을 풍선으로 바꾸고, 점수와 목숨을 각각 0, 3으로 정하기
3. 무한반복하기
    3-1. 스페이스 키를 누르면 위로 올라갔다가 내려오며 점프하는 모습 만들기
    3-2. 압정에 닿으면 모양을 화난 풍선으로 바꾸고, 목숨을 1만큼 줄이고 0.2초 기다렸다가 다시 원래 모양으로 바꾸기
    3-3. 목숨 < 1  이면 모양을 터진 풍선으로 바꾸고, 모두 멈추기


Q1. 왜 목숨(변수)는 0으로 시작하지 않을까요?
Q2. 풍선이 굴러가는 모습을 구현해 봅시다.
[압정]
- [과정]
◎🏴 클릭했을 때
1. x: 210 y: -70 으로 이동하기
2. 모양을 압정1로 바꾸고 2초 기다리기
3. 무한 반복하기
     3-1. 벽에 닿을 때까지 왼쪽으로 이동하는 것을 반복하기
     3-2. 중간에 풍선에 닿으면, 0.1초 기다리고 숨었다가 원래 위치로 이동하여 보이기
     3-3. 벽에 닿고 나면(반복이 끝나면) 점수를 1만큼 바꾸고 원래 위치로 이동하고 모양을 압정1로 바꾸기



Q. 압정은 3가지 모양이 있습니다. 압정의 모양을 랜덤하게 바꾸려면 어떤 블록을 사용할 수 있을까요?
(힌트. 연산의 난수 블록과 결합하기 블록이 필요합니다.)
[풍선그림자]
- [과정]
◎🏴 클릭했을 때
1. x: -190 y: -80 으로 이동하기
2. 풍선이 점프할 때마다(스페이스 키) 크기가 조금 작아졌다가 커지기"
STEP 2,복제하기와 간단한 연산을 활용한 게임 만들기,허들넘기게임,190908160,https://scratch.mit.edu/projects/190908160/,https://uploads.scratch.mit.edu/get_image/project/190908160_480x360.png,"[선수]
- (모양 바꾸기+허들에 닿았을 때)
- (점프 기능)
- [개요]
스페이스 키를 눌러 점프하여 허들을 넘는 게임을 제작해봅시다.
허들을 넘을 때마다 점수를 1점 얻고, 허들에 닿아 넘어지면 점수를 1점 잃게 됩니다.


[과정]
◎🏴클릭했을 때
1. x: -145 y: -70(으)로 이동하기
2. 점수를 0으로 정하고, 모양을 준비로 바꾼 후 '준비'를 2초 동안 말하기
3. 달리기 신호 보내기


◎ 달리기 신호를 받았을 때
모양을 바꾸기를 무한반복해서 달리는 모습을 구현하기


◎ 달리기 신호를 받았을 때
1. 무한 반복하기
2. 허들에 닿으면 넘어지기 신호, 스페이스 키를 누르면 점프 신호 보내기


◎ 점프 신호를 받았을 때
1. 다른 스크립트를 멈추고, 모양을 뛰어넘기로 바꾸기
2. 위로 점프했다가 돌아오는 모습 구현하기
3. 달리기 신호 보내기


◎ 넘어지기 신호를 받았을 때
1. 다른 스크립트를 멈추고, 모양을 넘어지기로 바꾼 후 1초 기다리기
2. 허들에 닿지 않을 때까지 기다리기
3. 점수를 1점 깎고, 달리기 신호 보내기



Q1. 왜 모든 기능을 따로 작성했을까요?
Q2. 다른 스크립트를 멈추기 블록의 역할은 무엇일까요?
[허들]
- [과정]
◎🏴 클릭했을 때
1. x: 206 y: -82 으로 이동하기
2. 모양을 허들로 바꾸고 2초 기다리기
3. 무한 반복하기
     3-1. 벽에 닿을 때까지 왼쪽으로 이동하는 것을 반복하기
     3-2. 중간에 선수에게 닿으면, 모양을 허들2로 바꾼 후 0.5초 기다리고 원래 위치로 이동하고 모양을 허들로 바꾸기
     3-3. 벽에 닿고 나면(반복이 끝나면) 점수를 1만큼 바꾸고 원래 위치로 이동하기"
STEP 2,복제하기와 간단한 연산을 활용한 게임 만들기,UP&DOWN 숫자 맞히기,192821061,https://scratch.mit.edu/projects/192821061/,https://uploads.scratch.mit.edu/get_image/project/192821061_480x360.png,"[선생님]
- [개요]
10번의 기회 안에 선생님이 생각하는 숫자를 맞혀 봅시다. 생각하는 숫자는 1~100까지 중 임의로 정해집니다.
선생님이 생각하는 숫자보다 작은 숫자를 입력했다면 대답보다 크다고 말하고,
선생님이 생각하는 숫자보다 큰 숫자를 입력했다면 대답보다 작다고 말합니다.
생각하는숫자와 대답을 잘 비교해서 어느 쪽이 크고 작은지 주의해서 만들어 봅시다.



[과정]
◎ 깃발 클릭했을 때 
1. ""숫자 맞히기 게임을 해 보자!"" 를 2초 동안 말하기
2. ""기회는 10번! 도전 시작!"" 를 2초 동안 말하기
3.  [대답횟수] 변수를  0으로 정하기
4.  [생각하는 숫자] 변수를 1~100 사이의 난수로 정하기
5. 무한 반복하기
     5-1. ""내가 생각하는 숫자는?"" 라고 묻고 기다리기
     5-2. 대답횟수 변수를 1만큼 바꾸기
     5-3. 만약 (생각하는 숫자) = (대답) 이라면
          5-3-1. "" 정답이야. 내가 정한 숫자는 (생각하는 숫자)였어."" 를 2초 동안 말하기
          5-3-2. ""(대답횟수) 번만에 맞혔어!"" 를 2초 동안 말하기     ==> 결합하기 블록 사용
          5-3-3. 모두 멈추기    
     5-4.아니면
          5-4-1. 만약 < (생각하는숫자) 부등호 (대답) > 이라면
                  5-4-1-1. ""내가 생각하는 숫자는 (대답)보다 커"" 를 2초 동안 말하기
          5-4-2. 만약 < (생각하는숫자) 부등호 (대답) > 이라면
                  5-4-2-1. ""내가 생각하는 숫자는 (대답)보다 작아"" 를 2초 동안 말하기
         5-4-3. 만약 (대답횟수) = 10 이라면
                  5-4-3-1. ""10번의 기회가 모두 끝났어!"" 를 2초 동안 말하기
                  5-4-3-2. ""내가 정한 숫자는 (생각하는 숫자)였어!"" 를 2초 동안 말하기
                  5-4-3-3. 모두 멈추기


Q. 5-4-1 블록과 5-4-2의 블록에서 부등호의 방향은 어떻게 되어야 할까요?"
STEP 2,복제하기와 간단한 연산을 활용한 게임 만들기,물고기 수 맞히기,358383858,https://scratch.mit.edu/projects/358383858/,https://uploads.scratch.mit.edu/get_image/project/358383858_480x360.png,"[Stage]
- [과정]
◎ 깃발을 클릭했을 때

1. 물고기1▼을(를) (3부터 6사이의 난수)로 정하기
2. 물고기2▼을(를) (3부터 6사이의 난수)로 정하기
3. 물고기3▼을(를) (3부터 6사이의 난수)로 정하기
4. (물고기1)번 반복하기	---- 제어, 변수
    4-1. 물고기1▼ 복제하기	---- 제어
5. (물고기2)번 반복하기
    5-1. 물고기2▼ 복제하기
6. (물고기3)번 반복하기
    6-1. 물고기3▼ 복제하기
7. 문제 출제▼ 신호 보내기	---- 이벤트


Q. 배경에서 코드를 만들면 생기는 장점은 무엇일까요?
[상어]
- [과정]
◎ 깃발을 클릭했을 때
1. 회전 방식을 왼쪽-오른쪽으로 정하기
2. 무한 반복
    2-1. 10만큼 움직이기
    2-2. 벽에 닿으면 튕기기

◎ 깃발을 클릭했을 때
1. 모양을 Shark2-a로 바꾸기
2. 무한 반복
     2-1. 다음 모양으로 바꾸기
     2-2. 0.5초 기다리기

◎ 문제 출제 신호를 받았을 때
1. ""주황색 물고기는 몇 마리일까? "" 라고 묻고 기다리기
2. 만약 <(물고기1) = (대답)> (이)라면
    2-1. ""맞았어!"" 를 2초 동안 말하기
    2-2. ""물고기1 사라져"" 신호 보내기
아니면
    2-3. ""틀렸어!"" 를 2초 동안 말하기
3. ""파란색 물고기는 몇 마리일까?"" 라고 묻고 기다리기
.
.
.


Q. 2-3까지는 물고기 1에 대한 문제를 내는 코드입니다. 물고기 2, 3도 비슷하게 문제를 낼 수 있습니다. 3번 이후의 코드는 스스로 작성해 봅시다. 어떤 신호를 보내야 할까요?
- [개요]
상어가 질문하여 물고기의 개수를 맞추는 프로그램을 제작해봅시다.

바닷가에는 상어를 제외한 3종류의 물고기가 살고 있습니다. 
주황, 파랑, 노랑색의 물고기의 개수는 랜덤하게 바뀌며, 상어가 같은 색상을 가진 물고기가 몇마리인지 질문을 합니다.

바닷속에서 빠르게 움직이는 같은 색상의 물고기의 개수를 세어서 답을 맞추는 프로그램을 만들어봅시다.


[스프라이트 구현 순서]
배경 -> 상어 -> 물고기(1,2,3)


★ 프로젝트를 만들기 전에, 1번과 2번 숫자키를 눌러 봅시다. 어떤일이 생기나요?
[물고기1]
- ◎ 깃발 클릭했을 때 
1. 숨기기


◎ 복제되었을때 
1. 보이기
2. 무한 반복하기
     2-1. 1초 동안 x: (-220 부터 220 사이의 난수) y: (-100 부터 160 사이의 난수) (으)로 이동하기 

Q. 2-1 블록은 [1초 동안 랜덤 위치▼ (으)로 이동하기] 와 어떤 차이점이 있나요?


◎ 물고기1 사라져 신호를 받았을 때
1. 1초동안 바위로 이동하기
2. 이 복제본 삭제하기


★ 물고기 2, 3도 비슷한 코드로 만들 수 있습니다. 각각 어떤 신호를 받아야 하는지 생각하며 만들어봅시다."
STEP 2,복제하기와 간단한 연산을 활용한 게임 만들기,단어게임,1171832604,https://scratch.mit.edu/projects/1171832604/,https://uploads.scratch.mit.edu/get_image/project/1171832604_480x360.png,"[Referee]
- [개요]
단어게임을 통해 연산 블록들을 배워 봅시다.
가, 나, 다 스프라이트를 누르면 호루라기 심판이 각 글자가 들어가는 단어에 대해 질문합니다.
입력한 단어가 맞는 답이면 정답, 틀린 답이면 오답을 외칩니다.



[스프라이트 구현 순서]
가 -> 나 -> 다 -> Referee
가, 나, 다 스프라이트는 스프라이트를 클릭했을 때 각각 가, 나, 다 신호를 보내도록 코딩합니다.



[과정]
◎ 🏴클릭했을 때
게임 준비 신호 보내기



◎ 게임 준비 신호를 받았을 때
모양을 referee-b로 바꾸고, ""원하는 글자를 클릭해봐"" 말하기



◎ 가 신호를 받았을 때
1. 모양을 referee-d로 바꾸고, "" '가' 글자가 들어가는 단어는? "" 라고 묻고 기다리기
2. 만약 대답이 가 를 포함하는가? 라면 모양을 referee-c로 바꾸고, 정답!을 2초 동안 말하기  ==> (가위) 가 (가) 를 포함하는가? 블록 사용
3. 아니면 모양을 referee-a로 바꾸고, 오답!을 2초 동안 말하기
4. 게임 준비 신호를 보내기
- [미션]

Q1. 나, 다 신호를 받았을 때 코드도 스스로 작성해 봅시다. 
나 신호를 받으면 "" '나' 글자로 시작하는 단어는? "" 으로, 다 신호를 받으면 "" '다' 글자로 끝나는 단어는? "" 으로 질문을 바꿉니다. 
질문이 바뀌었으니 조건이 바뀌어야겠죠? 만약 다음에 들어가는 블록이 어떻게 바뀌어야 하는지 생각해 봅시다.

(힌트 1) 단어의 시작 글자를 알기 위해서는 첫번째 글자를 알아야겠죠? (가위)의 (1)번째 글자 블록을 사용해서 1번째 글자 = '나' 인지 확인합니다.
(힌트 2) 단어의 마지막 글자는 어떻게 알 수 있을까요? 단어가 두글자면 2번째, 세글자면 3번째 글자여야겠죠? (단어의 길이)블록을 사용해서 마지막 글자가 몇 번째인지 알아봅시다.


Q2. 글자 스프라이트를 더 추가해서 새로운 질문을 만들어 봅시다.
Q3. 시간 변수를 추가해서 시간 안에 맞히지 못하면 게임이 종료되게 만들어 봅시다."
STEP 2,복제하기와 간단한 연산을 활용한 게임 만들기,구구단게임,388445746,https://scratch.mit.edu/projects/388445746/,https://uploads.scratch.mit.edu/get_image/project/388445746_480x360.png,"[고양이]
- [과정 - 신호]
◎문제출제 신호를 받았을 때
1. ""답은?"" 라고 묻고 기다리기
2. < 대답 =  (단) * (숫자) > 라면
     2-1. ""정답!"" 을 1초동안 말하고 
     2-2. 점수 변수를 1만큼 바꾼다.  
     2-3. 아니면  ""오답!""을 1초동안 말한다.
3. 숫자정하기 신호 보내기


Q. 1번에서 묻고 기다리기를 할 때, 칠판에 써있는 숫자를 이용해서 물어보려면 어떻게 해야 할까요? (ex. 7 X 5 의 답은?)
(힌트: 결합하기 블록을 사용합니다)



◎점수발표 신호를 받았을 때
1. ""(점수)문제 맞혔어!"" 말하기    ==> 결합하기 블록 사용
- [개요]
구구단 문제를 맞히는 프로그램을 제작해봅시다.

'단' 스프라이트와 '숫자' 스프라이트는 모양이 랜덤하게 변합니다.
만약 입력받은 대답이 단 * 숫자 (곱셈 결과)와 동일하다면 점수가 증가합니다.
제한 시간 30초가 지나면 다른 스크립트들을 멈추고 점수를 발표합니다.

[스프라이트 구현 순서]
숫자 -> 단 -> 고양이


[과정]
◎깃발클릭했을 때
1. 점수, 시간 변수 초기화
2. ""30초 안에 몇 문제나 맞힐 수 있을까?"" 를 2초동안 말하기
3. ""숫자정하기"" 신호 보내기
4. 무한반복하기
    4-1. 1초 기다리기
    4-2. 시간 변수를 1만큼 바꾸기
    4-3. 만약 <시간=30> 이라면
        4-3-1. 이 스프라이트에 있는 다른 스크립트 멈추기
        4-3-2. 점수발표 신호 보내기
        4-3-3. 이 스크립트 멈추기


Q. 4-3-1 블록과 4-3-3 블록의 차이는 무엇일까요?
[단]
- ◎숫자정하기 신호를 받았을 때 
1. 2~9 모양을 랜덤으로 바꾸기를 10번 반복한다.
2. 반복이 끝나고 마지막에 정해진 모양번호를 (단) 변수로 정한다.
  ★실제 모양과 모양 번호를 주의해서 볼 것
[숫자]
- ◎숫자정하기 신호를 받았을 때 
1. 1~9 모양을 랜덤으로 바꾸기를 10번 반복한다.
2. 반복이 끝나고 마지막에 정해진 모양번호를 (숫자) 변수로 정한다.
3. 문제출제 신호 보내기"
STEP 2,복제하기와 간단한 연산을 활용한 게임 만들기,돌려돌려 돌림판,1174967078,https://scratch.mit.edu/projects/1174967078/,https://uploads.scratch.mit.edu/get_image/project/1174967078_480x360.png,"[돌림판]
- Q2 추가내용
(학생용에는 회전속도x)
- [개요]
돌림판을 돌려서 상품을 추첨하는 프로그램을 만들어 봅시다.
돌림판은 랜덤하게 돌아가다가 회전이 끝났을 때 화살표가 가리키는 색에 따라 상품의 종류가 정해집니다.
각자 원하는 선물을 생각해서 스프라이트에 추가한 후 돌림판을 돌려 상품을 확인해 봅시다!


[과정]
◎🏴클릭했을 때
1. x: 0  y: -20 으로 이동하기
2. 스페이스 키를 누르면 돌리기 신호 보내기



◎ 돌리기 신호를 받았을 때
1. 회전수 변수를 난수로 정해서 회전수 번 반복하여 돌기
2. 결과 확인 신호 보내기



Q1. 모양 탭에서 각 색깔에 원하는 상품의 이름을 적어 봅시다.
Q2. 돌림판이 돌아갈때 서서히 빨라졌다가, 다시 서서히 느려지는 것을 구현해 봅시다.
[화살표]
- [과정]
◎ 결과 확인 신호를 받았을 때
1. 1초 기다리기
2. 화살표 끝이 돌림판의 각 색깔에 닿으면 상품 종류 변수를 정하기 (꽝도 추가할 것)
(예: 회색이면 1, 노란색이면 2 ...)



Q. 상품 종류를 정할 때 변수를 사용하지 않고 상품 스프라이트에 신호를 보내는 방법도 있습니다.
신호 보내기로 구현한다면 보내는 신호는 총 몇 개가 되어야 할까요?
[상품]
- [과정]
◎ 🏴클릭했을 때
x: 0 y: 0 으로 이동하기


◎ 돌리기 신호를 받았을 때
모양을 Gift-a 로 바꾸고, 그래픽 효과를 지운 후 숨기기



◎ 결과 확인 신호를 받았을 때
1. 보이기
2. 선물상자가 좌우로 흔들리는 모습 구현하기
3. 0.5초 기다린 후 상품 종류 변수의 값에 따라 모양을 바꾸고 색깔, 픽셀화 등 효과 주기
4. 꽝이면 모양을 바꾸지 않고, 서서히 투명해지게 만들기




Q1. 상품 종류 변수의 값에 따라 모양을 바꾸려면 어떤 블록이 필요할까요? (힌트: 연산)
Q2. 상품 종류 변수를 사용하지 않고, 신호로 바꾸려면 어떻게 코드를 수정해야 할까요?"
STEP 2,복제하기와 간단한 연산을 활용한 게임 만들기,현재 시계,385863501,https://scratch.mit.edu/projects/385863501/,https://uploads.scratch.mit.edu/get_image/project/385863501_480x360.png,"[스프라이트 1]
- [개요]

아날로그 시계를 읽는 방법을 기억하나요?
시간을 맞추는 프로그램을 제작해봅시다.
시계 바늘은 시계방향으로 랜덤하게 움직입니다.

※ 신호는 시간 문제 내기, 시간 맞추기 2개로 구성됩니다.
※ 고양이는 문제 출제 및 채점을 합니다.
※ 각 바늘은 시계 방향을 유지하여 랜덤한 방향을 볼 수 있어야 합니다. 

[과정]

깃발을 클릭했을 때
1. 시간 문제 내기 신호 보내고 점수 변수를 0을로 정하기
2. x: -180, y: 100 (으)로 이동하기

시간 문제 내기 신로를 받았을 때
1. 숨기기


시간 맞추기 신호를 받았을 때
1. 1초 기다리기
2. 보이기
3. ""현재 시간은? (예. 1시 2분 3초)"" 라고 묻고 기다리기
4. 만약 대답이 현재 시간과 같다면,
    4-1. ""정답!""을(를) 2초동안 말하기
    4-2. 점수를 1만큼 바꾸기
아니면
    4-3. ""틀렸어""을(를) 2초동안 말하기
5. 시간 문제 내기 신호 보내기

힌트. 현재 시간 변수는 현재시간 스프라이트에서 주어진 보기 블럭을 보고, 완성해주세요.
[시]
- 1시간동안 움직이는 각도 360 / 12 = 30 

n시간동안 움직이는 각도  (360 / 12) * n

1분동안 움직이는 각도 30  * 현재분 / 60

[과정]
시간 문제 내기 신호를 받았을 때
1. 시(변수)를 0로 정하기
2. 0도 방향 보기
3. (0부터 11 사이의 난수) 번 반복하기
    3-1. 시(변수)를 1만큼 바꾸기
    3-2. 시계 방향으로 @@@번 돌기
4. 만약 시(변수) 가 0과 같다면
    4-1. 시(변수)를 12로 정하기
5. 시간 맞추기 신호 보내기

Q1. @@@에는 어떤 숫자가 들어갈까요?
힌트. 시간은 12시간이 존재하며 각도는 360까지 있습니다.
각 시간마다 각도는 얼만큼씩 움직여야 할까요?
Q2. 왜 4번과 4-1번이 필요할까요?
[분]
- 1분동안 움직이는 각도  360 / 60 ===> 6


n분동안 움직이는 각도 ( 360 / 60 ) *  현재 분 

[과정]
시간 문제 내기 신호를 받았을 때
1. 분(변수)를 0로 정하기
2. 0도 방향 보기
3. (0부터 60 사이의 난수) 번 반복하기
    3-1. 분(변수)를 1만큼 바꾸기
    3-2. 시계 방향으로 @@@번 돌기

Q1. @@@에는 어떤 숫자가 들어갈까요?
힌트. 분은 60분이 존재하며 각도는 360까지 있습니다.
각 분마다 각도는 얼만큼씩 움직여야 할까요?
[초]
- 1초동안 움직이는 각도  360 / 60 ===> 6


n초동안 움직이는 각도 ( 360 / 60 ) *  현재 초

[과정]
시간 문제 내기 신호를 받았을 때
1. 초(변수)를 0로 정하기
2. 0도 방향 보기
3. (0부터 60 사이의 난수) 번 반복하기
    3-1. 초(변수)를 1만큼 바꾸기
    3-2. 시계 방향으로 @@@번 돌기

Q1. @@@에는 어떤 숫자가 들어갈까요?
힌트. 초는 60초가 존재하며 각도는 360까지 있습니다.
각 초마다 각도는 얼만큼씩 움직여야 할까요?
[현재 시간]
- [과정]
깃발을 클릭했을 때
무한반복
    현재시간을 (시(변수) 시 분(변수) 분 초(변수) 초) 로 정하기

※ 결합하기 블록을 잘 활용해주세요.
※ 주어진 블록들을 연결하여 완성할 수 있습니다."
STEP 2,복제하기와 간단한 연산을 활용한 게임 만들기,그림 도장 카드 만들기,1171820955,https://scratch.mit.edu/projects/1171820955/,https://uploads.scratch.mit.edu/get_image/project/1171820955_480x360.png,"[Snowman]
- [개요]
펜 블록과 도장 찍기에 대해 배워 봅시다.
화면 맨 아래 왼쪽 구석에 있는 <확장 기능 추가하기> 버튼을 눌러 펜을 선택하면 그림 그리기 블록들이 추가됩니다.
[ 도장 찍기 ] 블록은 스프라이트 모양 그대로 도장을 찍듯 화면에 그림을 그려주는 기능입니다.
스페이스 키를 누르면 눈사람 도장을 찍고, 마우스 위치에 눈송이 도장을 찍는 프로그램을 만들어 봅시다.



[과정]
◎ 🏴클릭했을 때
1. 모두 지우기
2. 회전 방식을 왼쪽-오른쪽으로 정하기
3. 무한 반복하기
     3-1. 크기를 눈사람 크기(변수) %로 정하기
     3-2. 위, 아래, 왼쪽, 오른쪽 화살표 키를 누르면 이동하기 (왼쪽, 오른쪽 키를 누르면 방향도 바뀌어야 합니다.)
     3-3. 스페이스 키를 누르면 도장찍기


Q1. 화면에서 변수를 오른쪽 마우스를 눌러 [슬라이더 사용하기] 를 누르면 변수의 크기를 마우스 드래그로 바꿀 수 있어요. 다양한 크기의 눈사람을 만들어 봅시다.
Q2. 스페이스 키를 눌렀을 때 눈사람이 한 번만 찍히려면 어떻게 해야 할까요? 스페이스 키를 누르지 않을 때까지 기다리기 해봅시다.
Q3. '눈사람 색깔' 변수를 만들어서 색깔 효과 정하기 블록과 함께 사용해 봅시다.
[Snowflake]
- [과정]
◎ 🏴클릭했을 때
1. 무한 반복하기
     1-1. 마우스 포인터를 따라다니게 만들어 주세요.
     1-2. 마우스를 클릭하면 크기를 10부터 20 사이의 난수 %로 정하고, 색깔 효과를 10만큼 바꾼 후 도장찍기



Q. 다른 스프라이트를 추가하여 카드를 더 예쁘게 꾸며 봅시다."
STEP 2,복제하기와 간단한 연산을 활용한 게임 만들기,영어 단어 도장찍기,419022677,https://scratch.mit.edu/projects/419022677/,https://uploads.scratch.mit.edu/get_image/project/419022677_480x360.png,"[Glow-A]
- 도장찍기
- 복제하기
- [개요]
내가 입력한 영어 단어를 펜 기능의 도장찍기를 이용해 화면에 나타내려고 합니다.
글자 위치 변수를 이용해서 알파벳의 1번째 글자, 2번째 글자 ... 순서대로 찍으면 돼요.
글자가 오른쪽 끝에 다다르면 다시 왼쪽으로 돌아와 한줄 아래서 부터 도장을 찍도록 구현해주세요.



[과정]
◎ 🏴클릭했을 때
1. 모두 지우기, 글자위치 변수를 1로 정하기 한 후 숨기기
2. x: -200  y: 0 으로 이동하기
3. "" 영어 단어를 대문자로 적어주세요. (숫자 가능) "" 라고 묻고 기다리기
4. 대답의 길이 번 반복하기
     4-1. 대답의 글자위치 번째 글자가 빈칸이 아니면 모양을 대답의 글자위치 번째 글자로 바꾸고 도장찍기
     4-2. 다음 글자를 찍을 위치로 옮겨주기 (만약 위치가 오른쪽 끝일 경우, 왼쪽 한줄 아래로 가도록 이동하기)
     4-3. 글자위치를 1만큼 바꾸기



Q. 대답에 소문자나 한글이 들어가면 코드가 제대로 작동하지 않습니다. 이런 문제를 해결하려면 어떤 코드를 추가해야 할까요?
(힌트: 반복하기를 사용해서 모든 글자가 대문자나 숫자인지 확인하고, 이상한 글자가 들어가면 다시 입력하기)
- 4-1"
STEP 2,복제하기와 간단한 연산을 활용한 게임 만들기,다양한 도형 그리기,1172013974,https://scratch.mit.edu/projects/1172013974/,https://uploads.scratch.mit.edu/get_image/project/1172013974_480x360.png,"[펜]
- [개요]

펜 블록을 이용해서 다양한 도형을 그리는 프로그램을 만들어 봅시다.
종이에 그림을 그리려면 펜을 종이에 내려놔야 하죠? 그래서 펜을 움직이기 전에 [ 펜 내리기 ] 블록을 사용해야 합니다. 
그림을 다 그리고 나면, [ 펜 올리기 ] 블록을 사용해서 펜을 종이에서 떼어내 줘야 해요. 그래야 그림이 이어지지 않는답니다.

화면에 있는 버튼을 누르면 그 버튼에 쓰인 도형을 펜이 그리고, 지우기 버튼을 누르면 그림이 지워져요.


[스프라이트 구현 순서]
삼각형, 사각형, 오각형, 육각형 버튼 -> 지우기 버튼 -> 펜
각 도형 버튼은 스프라이트를 클릭했을 때 도형 신호 보내기, 지우기 버튼은 모두 지우기 해줍니다.



[과정]
◎ 그리기 신호를 받았을 때
1. 펜 굵기, 색깔을 정하기 (변수 만들어서 슬라이더로 바꾸거나, 난수 사용하기)
2. 90도 방향 보고 펜 내리기
3. 일정 거리만큼 이동하고 회전하기를 도형의 모서리 개수만큼 반복하기
( ※회전하는 각도는 도형마다 다르니 잘 계산해서 숫자를 넣어봅니다. 도형의 외각의 크기만큼 회전해야 합니다.)
4. 펜 올리기


◎ 삼각형 신호를 받았을 때
1. 도형의 모서리 개수(변수)를 3으로 정하기
2. x: -50  y: -10 으로 이동하기  (위치 수정해도 됩니다.)
3. 그리기 신호 보내기



Q1. 나머지 사각형, 오각형, 육각형 신호도 코드를 완성해야 합니다.
Q2. 새로운 버튼을 만들어서, 나만의 그림을 그리는 코드를 추가해 봅시다."
STEP 2,복제하기와 간단한 연산을 활용한 게임 만들기,그림판 만들기,369596482,https://scratch.mit.edu/projects/369596482/,https://uploads.scratch.mit.edu/get_image/project/369596482_480x360.png,"[보드]
- [개요]

그림판으로 그림을 그려본 경험이 있나요?
스크래치로 그림판 프로그램을 만들어 봅시다.

왼쪽 8색 팔레트로 색상이 바뀌어져야 하며, 아래 3개의 버튼을 사용하여 펜의 굵기를 바꿉니다.
지우개를 누르면 직접 지우는 지우개를, X 버튼을 누르면 모든 그림이 지워져야 합니다.

※ 화면 맨 아래 왼쪽 구석에 있는 <확장 기능 추가하기> 버튼을 눌러 펜을 선택합니다. 
※ 왼쪽 메뉴에 펜 블록들이 생긴 것을 확인하고 스프라이트 구현을 시작합니다.



[스프라이트 구현 순서]
펜(과정1) -> 삭제 -> 빨강 -> 펜(과정2)  -> 나머지 스프라이트
[펜]
- [과정 1]
◎ 깃발 클릭했을 때
1. 펜 굵기와 색깔 정하기
2. 마우스 포인터로 이동하는 것을 반복하며, 마우스를 클릭할 때만 펜 내리기


※ 그림이 잘 그려지지 않는다면 전체화면에서 확인해보세요.



[과정 2]

이제 각 팔레트와 버튼을 눌렀을 때의 기능을 구현할 차례입니다.
펜은 각 스프라이트에서 보낸 신호들을 받아 펜의 색깔, 굵기 등을 바꿔줘야 합니다.


◎ ""빨강"" 신호를 받았을 때
1. 펜 색깔을 (빨강) 으로 정하기


※ 펜이 빨간색으로 바뀌는 것을 확인했다면, 나머지 색깔도 같은 방법으로 구현해봅시다.


◎ ""굵게"" 신호를 받았을 때
1. 펜 굵기를 20으로 정하기


※ 중, 소 버튼도 같은 방법으로 구현합니다. 펜의 굵기는 원하는 크기로 바꾸어도 됩니다.
[빨강]
- [과정]

◎ 이 스프라이트를 클릭했을 때
1. ""빨강"" 신호 보내기


Q. 빨강 신호는 펜의 색깔을 빨간색으로 바꾸는 신호입니다.
이 신호를 누가 받아야 할까요?
- 색이 잘 안 바뀐다면

다음 코드로 바꿔봅시다. 다른 스프라이트에도 적용할 수 있습니다.

◎ 깃발 클릭했을 때
1. 무한반복 내부
     1-1. 만약 <마우스를 클릭했는가?> 그리고 <펜에 닿았는가?> 라면
          1-1-1. ""빨강"" 신호 보내기
[파랑]
- 파랑색이 나오게 신호보내기
[대]
- [과정]

◎ 이 스프라이트를 클릭했을 때
1. ""굵게"" 신호 보내기


Q1. 굵게 신호는 펜의 굵기를 두껍게 만드는 신호입니다.
이 신호를 받는 펜은 어떤 블록을 사용해야 할까요?
[지우개]
- ◎ 이 스프라이트를 클릭했을 때
1. ""지우개"" 신호 보내기


Q. 지우개 신호를 받은 펜은 어떻게 해야 지우개 효과를 낼까요?
[삭제]
- ◎ 이 스프라이트를 클릭했을 때
1. 모두 지우기"
STEP 2,복제하기와 간단한 연산을 활용한 게임 만들기,펜아트,550690184,https://scratch.mit.edu/projects/550690184/,https://uploads.scratch.mit.edu/get_image/project/550690184_480x360.png,"[스프라이트 1]
- [개요]
펜 기능을 사용하여 선이 끊기지 않고 점점 도형이 커지는 펜아트를 만들어 봅시다.
예를 들어 그리는 도형이 사각형이라면, 모서리 2개를 그린 후 선의 길이를 늘리고 다음 모서리 2개를 그려야 합니다.
최소 삼각형부터 그릴 수 있어야 합니다.


[과정]
◎ 🏴클릭했을 때
1. 스프라이트를 숨기고, 그리고 싶은 도형의 모서리 개수와 선의 길이를 묻고 대답을 각 변수에 저장하기
(단, 모서리 개수는 2보다 커야 함)
2. 시작 위치와 방향, 펜 색깔과 굵기 정하기
3. 선의 길이만큼 움직이고 도형의 외각만큼 회전한 후 펜 색깔을 1만큼 바꾸기
4. 3번 과정을 도형의 종류에 따라 다른 횟수만큼 반복한 다음 선의 길이를 5만큼 바꾸기  ==> 조건문 활용하기
5. 4번 과정을 무한 반복하기



Q1. 선의 길이가 길어지다가 300을 넘으면 반복을 멈추는 코드로 수정해 봅시다.
Q2. 4번 과정을 조건문이 아니라 연산을 사용해서 간단하게 바꾸어 봅시다. 
(힌트: 도형의 모서리 개수 변수와 연산 블록을 활용합니다. 각 도형마다 몇 번 반복하게 되나요? 
모서리 개수 나누기 2를 계산해보면 어떤 수가 나오나요?)"
STEP 2,복제하기와 간단한 연산을 활용한 게임 만들기,반복도형그리기,489899082,https://scratch.mit.edu/projects/489899082/,https://uploads.scratch.mit.edu/get_image/project/489899082_480x360.png,"[point1]
- [개요]
펜 기능을 사용하여 알록달록한 도형 패턴을 그려봅시다.
똑같이 생긴 여러 도형을 그리되, 꼭짓점 한 개를 공유한 채 원을 그리듯 회전하며 그려야 합니다.
도형을 1번 그리고 나면 일정 각도 회전한 후 다시 도형을 그리는 것을 반복하면 됩니다.


[과정]
◎ 🏴 클릭했을 때
1. 펜 색깔, 굵기를 정하기
2. 도형의 모서리 개수와 길이를 묻고, 대답을 각각의 변수에 저장하기
3. 도형을 그리고 펜 색깔을 바꾼 후 일정 각도 회전하기
4. 도형을 그리고 싶은 개수만큼 반복하기



Q1. 회전해야 하는 각도, 반복 횟수 등은 도형마다 다릅니다. 여러 번 실행해보면서 알맞은 숫자를 찾아 봅시다.
Q2. 패턴 1개를 그리고 나면 스프라이트의 위치를 바꾸어 패턴 자체를 여러 번 그리는 연습을 해봅시다."
STEP 3,연산 및 수학적 알고리즘을 활용한 게임만들기,플래피버드,1176202889,https://scratch.mit.edu/projects/1176202889/,https://uploads.scratch.mit.edu/get_image/project/1176202889_480x360.png,"[Parrot]
- [개요]
플래피버드 게임을 만들어 봅시다.
스페이스 키를 눌러 새가 땅으로 떨어지지 않도록 하면서 오른쪽에서 다가오는 장애물을 피하는 게임입니다.



[과정]
◎ 게임시작 신호를 받았을 때
1. 점수를 0으로 정하고, 처음 위치 정하기
2. 계속해서 날갯짓하는 모습 만들기
3. 가만히 있으면 아래로 떨어지게 만들기
4. 스페이스 키를 누르면 위로 올라가기
5. 땅에 닿으면 게임종료 신호 보내기


◎ 게임종료 신호를 받았을 때
다른 스크립트 멈추기


Q. 새가 장애물이나 땅에 닿을 때 날개 말고 몸통 부분이 닿아야 끝나도록 만드려면 어떻게 수정해야 할까요?
[장애물]
- [과정]
◎ 게임시작 신호를 받았을 때
1. 처음 위치와 모양을 정하고, 1초 기다리기
2. 왼쪽 끝에 다다를 때까지 이동하다가 새에게 닿으면 게임종료 신호 보내기
3. 새에 닿지 않고 지나간다면, 다시 처음 위치로 이동해서 모양을 랜덤으로 바꾸고 점수를 1점 얻기


Q. 시간이 지날수록 장애물이 다가오는 속도가 서서히 빨라지게 하려면 어떻게 수정해야 할까요? 
속도 변수를 새롭게 만들어 봅시다.
[게임시작]
- [과정]
◎ 🏴클릭했을 때
1. 모양을 game start로 바꾸고, 가운데 위치에서 보이기
2. 스페이스 키를 누르면 투명도, 픽셀화 효과와 함께 사라지고 게임시작 신호 보낸 후 이 스크립트 멈추기


◎ 게임종료 신호를 받았을 때
1. 모양을 game over로 바꾸고 몇 바퀴 회전한 후 보이기 (각자 원하는 효과로 만들어 봅니다.)
2. 모두 멈추기


Q1. 게임이 종료된 상태에서 스페이스 키를 눌렀을 때 게임이 다시 시작되려면 어떻게 코드를 수정하면 좋을까요?
Q2. 게임 성공 조건을 만들어서 game clear 모양과 코드를 활용해 봅시다."
STEP 3,연산 및 수학적 알고리즘을 활용한 게임만들기,지렁이게임,359324985,https://scratch.mit.edu/projects/359324985/,https://uploads.scratch.mit.edu/get_image/project/359324985_480x360.png,"[Stage]
- 깃발 클릭했을때 
배경 00로 바꾸기 
만약 먹이가 50이 되면 배경 바꾸기 

클리어 신호 받았을때 
배경을 00으로 바꾸기 

게임끝 신호 받았을때
배경을 00으로 바꾸끼 
모두 멈추기
[지렁이]
- [개요]
먹이를 찾아서 지렁이 몸집을 키우는 프로그램을 제작해봅시다.

지렁이는 상하좌우 방향키로 조작합니다.
먹이는 랜덤한 위치에 랜덤한 시간 간격으로 화면에 출력됩니다. 
만약 먹이를 획득할 경우, 지렁이의 꼬리가 더욱 길어져야 합니다.


[과정]

◎🏴 클릭했을 때
1. 모양을 머리로 바꾸고 보이기
2. 지렁이 길이를 0.1로 정하기
3. x: 0 y: 0 (으)로 이동하기
4. 나 자신을 복제하며 계속해서 움직이기
5. 좌,우 화살표 키를 누르면 그 방향으로 돌기
6. 벽에 닿으면 아야! 를 2초 동안 말하고 모두 멈추기


◎ 복제되었을 때
모양을 꼬리로 바꾸고, 지렁이길이만큼의 시간을 기다린 후 복제본 삭제하기


============================================================================

Q1. 지렁이의 길이 변수가 커질수록, 어떠한 변화가 생기나요?
Q2. 먹이를 획득할 때마다 더 빠르게 움직이려면 어떻게 해야 할까요? 새로 변수를 만들어 활용해 봅시다.
[먹이]
- ◎ 🏴 클릭했을 때 
숨기기 한 다음, 0.5초~3초 후 나 자신 복제하기


◎ 복제되었을때 
1. 무작위 위치에서 보이기
2. 지렁이에 닿으면 점수를 1만큼, 지렁이 길이를 0.1만큼 바꾸고 복제본 삭제하기



Q1. 복제된 먹이가 벽에 닿지 않도록 하려면 코드를 어떻게 수정해야 할까요? 무작위 위치를 난수로 설정해 봅시다.
Q2. 지렁이 한마리를 더 만들어서 두명이 플레이하는 게임으로 바꿔 봅시다."
STEP 3,연산 및 수학적 알고리즘을 활용한 게임만들기,음식물을 소화해라,204981666,https://scratch.mit.edu/projects/204981666/,https://uploads.scratch.mit.edu/get_image/project/204981666_480x360.png,"[별]
- [개요]
음식물을 향해 소화효소를 날려서 소화시키는 프로그램을 만들어봅시다.

별은 위아래로 움직이면서 소화효소를 오른쪽으로 날려 음식물을 분해시킬 수 있습니다.
만약 음식물이 분해되지 않고 왼쪽 벽에 도달하면 남은 별의 개수가 줄어듭니다.



[과정]
◎🏴 클릭했을 때
1. 회전 방식을 회전하지 않기로 바꾸기
2. 화살표 키를 이용해서 위,아래,왼쪽,오른쪽으로 이동하게 만들기 (움직이기 블록 사용)
3. 분홍색에 닿으면 지나갈 수 없도록 하기 (힌트: 움직이기 블록 사용)
4. 스페이스 키를 누르면 소화효소 복제하기


Q. 스페이스 키를 누르는 동안 연속발사 되지 않도록 하려면 어떤 코드를 추가해야 할까요?
[소화효소]
- ◎🏴 클릭했을 때
1. 숨기기


◎ 복제되었을때
1. 별로 이동하고 보이기
2. 오른쪽으로 계속해서 움직이다가, 벽에 닿으면 복제본 삭제하기
3. 음식물 1이나 음식물2에 닿으면 0.1초 후 복제본 삭제하기
[음식물1]
- ◎🏴 클릭했을때 
일정 시간마다 계속해서 복제하기



◎복제되었을 때
1. 지정된 위치(오른쪽 위의 출구)로 이동하기
2. y좌표 바꾸기를 랜덤 횟수만큼 반복하기
    ==> 조금 내려오거나, 많이 내려오게 해서 출발 위치 정하기
3. 왼쪽으로 쭉 움직이다가, 소화 효소에 닿으면 모양을 바꾸고 복제본 삭제하기
4. 벽에 닿으면 남은별 줄이기 신호를 보내고 0.1초 후 복제본 삭제하기
[음식물2]
- 음식물1의 코드를 참고해서 만들 수 있습니다.
움직이는 속도와 복제되는 시간을 다르게 해서 만들어보세요.
[남은별]
- ◎🏴 클릭했을때 
1. 시작할 때의 모양 정하기


◎""남은별 줄이기""  신호를 받았을 때
1. 다음 모양으로 바꾸기
2. 만약 <모양번호 = ??> 이라면 모두 멈추기  


Q1. 남은 별이 다 사라지면 게임이 종료되어야 합니다. 모양번호가 몇이 되어야 할까요?
Q2. 게임의 난이도를 더 어렵게 만들어 봅시다. 음식물이 소화효소를 두 번 맞아야 없어지는 코드로 수정해볼까요?"
STEP 3,연산 및 수학적 알고리즘을 활용한 게임만들기,디펜스게임,1177936871,https://scratch.mit.edu/projects/1177936871/,https://uploads.scratch.mit.edu/get_image/project/1177936871_480x360.png,"[Dorian]
- [개요]
디펜스게임을 만들어 봅시다.
디펜스게임이란, 끝없이 몰려오는 적들을 막아내는 게임입니다. 
보물을 노리고 다가오는 적들을 공격해서 최대한 오래 살아남아 봅시다!


[과정]
◎ 🏴클릭했을 때
1. x: 200  y: 55 로 이동하기
2. 화살표 키를 누를 때 상하좌우로 5만큼 움직이기 (길을 벗어나지 않게 하기)
3. Frank에 닿으면 픽셀화 효과를 주고 기다리다 그래픽 효과 지우기
[Ball]
- [과정]
◎ 🏴클릭했을 때
1. 숨기기
2. Dorian 을 따라다니다가, wasd 키를 누르면 각 방향을 보고 나 자신 복제하기
3. 연속복제되지 않도록 하기


◎ 복제되었을 때
1. 보이기
2. 원하는 속도로 날아가다가, 벽이나 Frank에 닿으면 복제본 삭제하기
[Frank]
- [과정]
◎ 🏴클릭했을 때
1. 숨기기
2. 랜덤 시간마다 나 자신 복제하기


◎ 복제되었을 때
1. 위치 변수를 이용해서 위에서 나올지, 아래에서 나올지 정하기
2. 오른쪽 위 좌표 x: 220  y: 147  /  왼쪽 아래 좌표 x:  -220  y:-134
3. 배경의 색깔선을 활용해서 각 색깔에 닿을 때마다 방향 바꾸기
4. Ball에 닿으면 복제본 삭제하기
5. 계속해서 모양을 랜덤으로 바꾸며 움직이기
[Treasure]
- [과정]
◎ 🏴클릭했을 때
1. 시간을 1초에 1씩 올리기
2. Frank에 닿으면 게임종료 신호를 보내고, 몇 초 버텼는지 말하고 모두 멈추기
3. 다른 스프라이트들은 게임종료 신호를 받을 때 스크립트 멈추기


Q1. 게임의 난이도는 어떻게 올릴 수 있을까요?
Q2. 다양한 역할의 아이템을 추가하여 게임을 더욱 재미있게 만들어 봅시다."
STEP 3,연산 및 수학적 알고리즘을 활용한 게임만들기,축구게임,723130068,https://scratch.mit.edu/projects/723130068/,https://uploads.scratch.mit.edu/get_image/project/723130068_480x360.png,"[start]
- [개요]
골키퍼와 고양이가 즐겁게 축구게임을 하려고 합니다.
고양이와 골키퍼는 상,하,좌,우로 움직일 수 있지만 골키퍼는 자신의 골라인 내부에서만 움직일 수 있고,
고양이는 골키퍼의 골라인 안으로 들어갈 수 없습니다.
경기는 1분 동안 진행이 되며 고양이는 공에 닿으면 공을 가지고 다닐 수 있고, 공이 있을 때 스페이스 키를 누르면 슛을 쏠 수 있습니다.


[과정]
◎ 🏴클릭했을 때
1. 보이기
2. 고양이 점수, 골키퍼 점수를 0으로 정한 후 변수 보이기



◎ 이 스프라이트를 클릭했을 때
1. 타이머 초기화     ==>  감지
2. 시간 변수를 타이머로 정하기    ==>  변수, 감지
3. 숨기기
4. 게임시작 신호 보내기
[Cat]
- [과정]
◎ 🏴 클릭했을 때
1. 크기를 35%로 정하기    
2. x: 200, y: -80 으로 이동하기


◎ 게임시작 신호를 받았을 때
1. 위, 아래, 왼쪽, 오른쪽 화살표 키를 누르면 움직이기
2. Soccer Ball에 닿고, 스페이스 키를 눌렀으면 슛 신호 보내기



Q. 고양이는 골라인 안으로 들어갈 수 없다는 규칙이 있었죠? 어떻게 만들 수 있을까요?

     힌트: 고양이는 x좌표가 -110보다 작아질 수 없고, y좌표가 0보다 클 수 없습니다. 
              위쪽 화살표를 눌렀을 때 고양이의 y좌표가 0보다 작을 때만 위로 움직일 수 있다는 뜻이죠.
[Goalie]
- ◎ 깃발 클릭했을 때
1. x: -200,  y: -80 으로 이동하기
2. 크기를 20%로 정하기


◎ 게임시작 신호를 받았을 때
1. w,a,s,d 키를 눌렀을 때 상하좌우로 이동하게 만들기
2. Soccer Ball에 닿으면 골키퍼 점수를 1만큼 바꾸고 공 원위치 신호 보내기


Q. 골키퍼는 골 라인 내부에서만 움직일 수 있습니다. 고양이와 마찬가지로 코드를 수정해 봅시다.

    힌트:  -165 < x좌표 < -240,  -140 < y좌표 < -30 일 때만 상하좌우로 움직일 수 있게 합니다.
             각 방향에서 어떤 좌표 제한이 필요할지 생각해 봅시다.
[Soccer Ball]
- ◎ 🏴클릭했을 때
1. 숨기기
2. x: 0,  y: -90 으로 이동하기


◎ 게임시작 신호를 받았을 때
1. 보이기
2. Cat에 닿으면 계속해서 Cat으로 이동하기


◎ 공 원위치 신호를 받았을 때
1. x: 0,  y: -90으로 이동하기


◎ 슛 신호를 받았을 때
1. 벽에 닿을 때까지 왼쪽으로 이동하기
2. 중간에 Goalie에 닿으면 이 스크립트 멈추기
3. y좌표 > -70 그리고 y좌표 < 0 이라면 고양이 점수를 1만큼 바꾸고 공 원위치 신호 보내기
[title]
- [Goalie의 승패 표시하기]
◎ 🏴 클릭했을 때
1. x: -124, y: 42로 이동하기
2. 숨기기


◎ 게임시작 신호를 받았을 때
시간 > 60이 되면 고양이 점수와 골키퍼 점수를 비교해서 골키퍼 점수가 높으면 ""you win""이라고 적힌 모양으로,  아니면 ""you lose"" 모양으로 바꾸고 보이기 ==> 모양 이름을 잘 확인하기
[title2]
- [Cat의 승패 표시하기]
title 스프라이트의 코드와 비슷하게 만듭니다. 
이 스프라이트는 Cat이 이겼는지, 졌는지 확인해야 하니 점수 비교 부분을 수정해야 합니다.



Q1. 게임을 완성했다면 한번 플레이해 봅시다. 점수가 제대로 바뀌는지 확인해 봅시다.
Q2. 게임을 더 재미있게 만드는 방법을 생각해 봅시다. 슛을 할 때 공의 방향이 랜덤이 되면 어떨까요?"
STEP 3,연산 및 수학적 알고리즘을 활용한 게임만들기,나무에 물주기,438561471,https://scratch.mit.edu/projects/438561471/,https://uploads.scratch.mit.edu/get_image/project/438561471_480x360.png,"[물뿌리개]
- [개요]
물을 뿌려서 나무를 키우는 프로그램을 제작해봅시다.

나무는 물에 닿을 때마다 크기가 점점 커집니다.
일정 크기에 도달할 경우, 열매를 맺게 만들어야 합니다.



[과정]
◎ 🏴 클릭했을 때
1.  물뿌리개가 마우스포인터 위치로 이동하기를 무한반복한다. 
2. 마우스를 클릭하면 물뿌리개를 기울이는 모습(회전하기)을 구현하고, 물흘리기 신호를 보내기
3. 0.2초 후 원래대로 돌리기



[게임 완성 후 추가하기]
Q1. 시간제한을 추가하여, 빠른 시간내에 최대한 많은 나무를 키우도록 응용해봅시다.
Q2. 물주기를 방해하는 게임 요소를 추가해서 더 재미있게 만들어 봅시다.
[물]
- ◎ 🏴 클릭했을 때 
1. 숨기기


◎ ""물흘리기"" 신호를 받았을 때
1. 물뿌리개로 이동하기
2. 나 자신 복제하기


◎ 복제되었을 때
1. 보이기
2. 아래로 떨어지다가 땅이나 나무에 닿으면 0.1초 후 복제본 삭제하기



Q. 위의 코드대로 만들면 물이 물뿌리개의 가운데 쪽에서 떨어지게 됩니다. 물뿌리개의 구멍 쪽에서 물이 떨어지게 하려면 어떻게 해야 할까요? (힌트: 물뿌리개의 좌표와 연산 블록 사용하기)
[나무1]
- ◎ 깃발 클릭했을 때
1. 크기를 50%으로 정하기
2. 모양 tree1로 바꾸기
3. x: -188  y: -132 으로 이동하기
4. 물에 닿으면 크기를 5만큼 바꾸다가 크기가 100보다 커지면 모양을 tree2로 바꾸고 이 스크립트 멈추기
[나무2]
- [과정]
코드를 작성하기 전, 나무 2~5 스프라이트의 모양을 수정해서 다양한 종류의 나무를 만들어봅시다.
코드는 나무1을 참고해서 똑같은 기능을 하도록 만들어야 합니다."
STEP 3,연산 및 수학적 알고리즘을 활용한 게임만들기,양궁게임,196534402,https://scratch.mit.edu/projects/196534402/,https://uploads.scratch.mit.edu/get_image/project/196534402_480x360.png,"[과녁]
- [개요]
좌우로 움직이는 과녁을 맞추어 점수를 얻는 프로그램을 제작해봅시다.
과녁의 색상에 따라 얻을 수 있는 점수가 달라집니다.



[과정]
◎ 깃발 클릭했을 때 
1. 과녁 위치와 방향을 초기화한다. 
2. 회색 줄 위치에서 좌우로 움직이면서 벽에 닿으면 튕기기 반복
[선수]
- [과정]
◎ 깃발 클릭했을 때 
1. 선수의 모양과 위치 초기화
2. 화살 개수(변수)를 10으로 정하기
3. 스페이스 키를 누르면 위아래로 반동 효과를 구현하면서 화살발사 신호 보내기



◎ 점수발표 신호 받았을 때
1. 이 스프라이트의 다른 스크립트 멈추기
[화살]
- [과정]
◎ 🏴 클릭했을 때 
1. 점수를 0으로 정하기


◎ 화살발사 신호를 받았을 때
1. 선수 위치로 이동하고 보이기
2. 과녁의 가운데 위치까지 위로 이동하기
3. 과녁에 닿았으면 점수계산 신호를 보내고, 아니면 벽에 닿을 때까지 올라가기
4. 숨기기
5. 화살개수 변수를 -1만큼 바꾸기
6. 만약 화살개수가 0이라면 점수발표 신호 보내기 


◎ 점수계산 신호를 받았을 때
1. 화살촉의 빨간색의 과녁의 노란색에 닿았으면 점수를 10만큼 바꾸기
2. 나머지 색깔에 닿았을 때에도 각각의 점수를 바꾸기
[심사위원]
- [과정]
◎ 점수발표 신호 받았을 때
1. ""당신의 점수는 00점입니다"" 를 2초동안 말하기
2. 모두 멈추기

★ 점수 변수와 결합하기를 사용해서 점수를 말해야 합니다."
STEP 3,연산 및 수학적 알고리즘을 활용한 게임만들기,야구게임,1159846175,https://scratch.mit.edu/projects/1159846175/,https://uploads.scratch.mit.edu/get_image/project/1159846175_480x360.png,"[Batter]
- [개요]

날아오는 야구공을 배트를 휘둘러 맞히는 게임을 만들어 봅시다.
타이밍에 맞추어 스페이스 키를 누르면 배경이 바뀌며 홈런을 치고, 타자는 1루, 2루, 3루 베이스를 지나 홈까지 달리며 점수를 얻습니다.

만약 타이밍을 놓치고 헛스윙을 하면 포수가 공을 잡고 스트라이크를 외칩니다.
3 스트라이크가 되면 삼진아웃으로, 게임이 끝나게 됩니다.
아웃당하지 않고 몇 점이나 얻을 수 있을까요? 게임의 난이도를 높이는 방법도 생각해 봅시다.


[신호 종류]

준비: 타자가 공을 칠 준비를 할 수 있게 하는 신호
홈런: 타자가 공을 쳤음을 알리는 신호
달리기: 타자가 공을 친 후 달릴 때 동작하는 신호

★각 신호를 언제 누가 보내서 누가 받는지 생각하며 만들어봅시다.
- [과정]

◎ 깃발 클릭했을 때
1. 점수, 스트라이크 변수를 각각 0으로 정하기
2. 준비 신호 보내기 


◎ 준비 신호를 받았을 때
1. 크기(100%)와 모양을 정하고 보이기
2. x: 83, y: 40 로 이동하기
3. 스페이스 키를 누르면 배트를 휘두르는 모양을 구현하기


◎ 홈런 신호를 받았을 때
1. 크기를 20%로 정하기
2. x: 163, y:-16 로 이동하기
3. 다른 스크립트를 멈추고 1초 기다린 후 달리기 신호 보내기
4. 홈런!을 4초 동안 말하기


◎ 달리기 신호를 받았을 때
1. 달리는 모양을 구현하기
2. 1루, 2루, 3루, 홈으로 이동하기



Q. 홈런 신호를 받았을 때 다른 스크립트를 멈추는 이유는 무엇일까요?
[Baseball]
- ◎ 준비 신호를 받았을 때
1. 배경을 Baseball 1 로 바꾸기
2. 크기를 40%로 정하고 보이기
3. x: -3, y: -128 로 이동하기
4. 2초 기다린 후 포수 위치까지 이동하기
5. 배트에 닿으면 홈런 신호를 보내고, 아니면 스트라이크 신호를 보내고 1초 후 준비 신호 보내기


◎ 홈런 신호를 받았을 때
1. 배경을 Baseball 2 로 바꾸기
2. 크기를 20%로 정하기
3. x: 160, y: -25 로 이동하기
4. 랜덤한 방향을 보고 벽에 닿을 때까지 이동한 후 숨기기
5. 5초 기다리고 점수를 1점 올린 후 준비 신호 보내기


◎ 게임종료 신호를 받았을 때
다른 스크립트 멈추기


Q. 공을 던질 때마다 속도를 다르게 하려면 코드를 어떻게 수정해야 할까요?
[Catcher]
- ◎ 준비 신호를 받았을 때
1. 보이기
2. x: -3, y: 60 로 이동하기
3. 스트라이크가 3이 되면 게임 종료 신호를 보내고 삼진아웃!을 2초 동안 말하고 멈추기


◎ 홈런 신호를 받았을 때
스트라이크를 0으로 정하고 숨기기


◎ 스트라이크 신호를 받았을 때
스트라이크! 를 2초 동안 말하고 스트라이크 1 올리기



Q. 지금 코드에서는 삼진아웃을 당하면 바로 게임이 종료되지만, 실제 야구에서는 아웃을 3번 당해야 다음 팀 공격으로 바뀌게 됩니다. 아웃 변수를 추가하여 실제 게임처럼 규칙을 바꾸어 봅시다."
STEP 3,연산 및 수학적 알고리즘을 활용한 게임만들기,두더지게임,290123193,https://scratch.mit.edu/projects/290123193/,https://uploads.scratch.mit.edu/get_image/project/290123193_480x360.png,"[버튼]
- [개요]
두더지 게임을 만들어봅시다!

두더지 굴은 총 다섯 개가 있으며 한번에 한마리씩 나타납니다.
뿅망치로 두더지를 맞추면 점수를 1점 얻게됩니다.
30초 동안 많은 점수를 얻어봅시다!


[과정]
◎ 🏴 클릭했을 때
1. 모양을 1초 간격으로 준비 -> 2 -> 1 ->시작 으로 바꾸기
2. 숨기기
3. 게임시작 신호보내기


◎ 게임시작 신호를 받았을 때
1. 무한 반복하기
     1-1. ""(두더지) 와 (1부터 5 사이의 난수) 결합하기"" 신호 보내기
     1-2.  __초 기다리기
[뿅망치]
- ◎ 게임시작 신호를 받았을 때
1. 90도 방향보기
2. 시간, 점수 변수 초기화하기
3. 마우스 포인터를 따라다니기
4. 마우스를 클릭하면 뿅망치가 내려갔다 올라가는 모습 구현하기 (돌기 블록 사용)
5. 30초동안 시간 변수 바꾸기
6. 30초가 되면 점수를 말하고 모두 멈추기 (예: ""20점이야!"")



[게임 완성 후 미션]
Q1. 시간이 지날수록 두더지가 나오는 속도가 더 빨라지게 해봅시다.
Q2. 게임에 다른 아이템을 추가해 봅시다.
[두더지1]
- [과정]
◎ 깃발클릭했을 때
1. 모양을 구덩이로 바꾸기


◎ 두더지1 신호를 받았을 때
1초동안 두더지가 나왔다가 들어가기


◎ 게임시작 신호를 받았을 때
모양이 두더지이고, 마우스를 클릭했고, 빨간색에 닿았다면
점수를 1만큼 바꾸고 0.2초 기다리기
[두더지2]
- 나머지 두더지들도 똑같이 구현합니다. 두더지1과 다른 점은 무엇일까요?"
STEP 3,연산 및 수학적 알고리즘을 활용한 게임만들기,틀린그림찾기,1160413567,https://scratch.mit.edu/projects/1160413567/,https://uploads.scratch.mit.edu/get_image/project/1160413567_480x360.png,"[병아리]
- [개요]

틀린그림찾기를 해봅시다!
병아리가 게임 설명을 하고 나면, 배경이 바뀌며 병아리, 엄마닭, 아빠닭 중 한 마리가 모습을 바꿉니다.
모습을 바꾼 동물은 항상 오른쪽에 있으니, 제한시간 30초 안에 잘 찾아봅시다.
다른 곳을 클릭하면 X 표시가 뜨며 제한시간이 1초 줄어들고, 정답을 클릭하면 O 표시가 뜨며 게임이 종료됩니다.
게임을 더 어렵게 만드는 방법도 생각해봅시다!


[과정]

◎ 깃발 클릭했을 때
1. x: 0, y: 0 으로 이동하기
2. 배경을 Light 로 바꾸기
3. 말하기 블록을 사용해서 게임 설명하기
4. 3,2,1 카운트 후 게임시작 신호 보내기


◎ 게임시작 신호을 받았을 때
1. x: -192, y: -28 으로 이동하기
[정답]
- ◎ 깃발 클릭했을 때
1. 제한시간을 30으로 정하고 변수 보이기
2. 숨기기



◎ 게임시작 신호를 받았을 때 
* 1번 / 2, 3번 / 4 번으로 신호를 구분해서 작성합니다. 

1. 제한시간을 1초씩 줄이다가 0이 되면 타임오버!를 말하고 모두 멈추기

2. 배경을 Farm으로 바꾸고 바뀐 동물 변수를 난수로 정하기
3. 바뀐 동물 변수의 값에 따라 병아리, 엄마닭, 아빠닭 신호 보내기 
    바뀐동물 = 1 -> 병아리 신호
    바뀐동물 = 2 -> 엄마닭 신호
    바뀐동물 = 3 -> 아빠닭 신호

4. 마우스 포인터를 따라 움직이다가, 마우스를 클릭했을 때 틀린 곳을 잘 찾았다면 
    4-1. 정답일 경우: 보이고 정답 모양, 그리고 모두 멈추기
    * 이 때, 바뀐 동물 변수의 값과 오른쪽 동물(2로 끝나는 스프라이트)에 닿았을 때가 정답 조건으로 인정됩니다.
    * 바뀐 동물에 따라 다른 스프라이트이므로 조건이 길어질 수 있습니다.
    4-2. 정답이 아닐 경우: 오답 모양으로 바꾸고 시간 1초 줄이기
    4-3. 1초 후 숨기기
★ 이 스프라이트는 숨어 있다가 마우스를 클릭할 때만 보여야 합니다.


Q1. 병아리 신호를 받으면 병아리2가 모양을 랜덤으로 바꿔야 합니다. 각 신호에 따라서 각 스프라이트의 코드를 스스로 작성해 봅시다.
Q2. 한 번에 여러 동물이 모양을 바꾸어서, 모두 찾아야 성공하는 게임으로 만들어 봅시다. 코드를 어떻게 수정해야 할까요?
- 1번
- 2, 3번
- 4번
[병아리2]
- ◎ 깃발을 클릭했을 때
1. 모양을 chicken-a 으로 바꾸기
2. 숨기기

◎ 게임시작 신호를 받았을 때
1. 보이기
2. x: 48, y: -28로 이동하기

◎ 병아리 신호를 받았을 때
* 이는 원본과 다른 캐릭터가 나올 수 있기 때문에 난수를 이용합니다.
1. 모양을 (2부터 3사이의 난수) 으(로) 바꾸기

* 오른쪽의 캐릭터에만 각각의 신호를 받고 모양이 바뀝니다.
즉, `깃발`과 `게임시작` 시에는 좌표와 모양을 제외하고 코드가 거의 동일합니다.
- 게임 시작 신호를 받았을 때 각 스프라이트의 위치
- 병아리 2  x: 48  y: -28
- 엄마닭 x: -165  y: 115
- 엄마닭2 x: 75  y: 115
- 아빠닭 x: -107  y: -98
- 아빠닭2 x: 133  y: -98"
STEP 3,연산 및 수학적 알고리즘을 활용한 게임만들기,나눗셈우주선,293840897,https://scratch.mit.edu/projects/293840897/,https://uploads.scratch.mit.edu/get_image/project/293840897_480x360.png,"[우주선1]
- [개요]
각각의 수식이 적혀있는 5개의 우주선 중, 가장 낮은 값부터 클릭하는 게임을 만들어 봅시다!

[과정]

깃발클릭했을때
""클릭""변수를 0으로 초기화한다.

       
1. 우주선1스프라이트 모양1, 모양2, 모양3에
   각각 몫이 1,2,3이 되는 나눗셈식을 입력하세요.
   예를 들면
     모양1 - 3/3, 4/4    ----> 결과값 1
     모양2 - 6/3, 8/4   ----> 결과값 2
     모양3 - 9/3, 15/5   ----> 결과값 3

2. 게임이 시작되면
   ① 우주선1은 모양1~모양3 랜덤의 모양으로 보이고
   ② 착륙장에서 출발하여
   ③ 1초동안 랜덤의 위치로 움직이기를 반복한다.

3. 우주선1 스프라이트를  클릭했을때
    ① 클릭변수를 1만큼 바꾼다.
    ② 만약 클릭변수 = 1이라면
           - 모양4로  바뀌고,
           - 1초동안 착륙장으로 이동하고 숨긴다
        아니라면
           - 모양5로 바뀌고 게임이 종료된다.
[우주선2]
- 1. 우주선2스프라이트 모양1, 모양2, 모양3에
   각각 몫이 4,5,6이 되는 나눗셈식을 입력하세요.
   예를 들면 
     모양1 - 12/3, 9-5    ----> 결과값 4
     모양2 - 25/5,  2+3   ----> 결과값 5
     모양3 - 15-9, 3*2   ----> 결과값 6

2. 게임이 시작되면 
   ① 우주선2은 모양1~모양3 랜덤의 모양으로 보이고
   ② 착륙장에서 출발하여 
   ③ 1초동안 랜덤의 위치로 움직이기를 반복한다. 

3. 우주선2 스프라이트를  클릭했을때 
    ① 클릭변수를 1만큼 바꾼다. 
    ② 만약 클릭변수 = 2이라면 
           - 모양4로  바뀌고, 
           - 1초동안 착륙장으로 이동하고 숨긴다
        아니라면
           - 모양5로 바뀌고 게임이 종료된다.
[우주선3]
- 1. 우주선3스프라이트 모양1, 모양2, 모양3에
   각각 몫이 10,11,12이 되는 나눗셈식을 입력하세요.
   예를 들면 
     모양1 - 15-5, 7+3   ----> 결과값 10
     모양2 - 2+9, 33/3   ----> 결과값 11
     모양3 - 2*6, 8+4,   ----> 결과값 12

2. 게임이 시작되면 
   ① 우주선3은 모양1~모양3 랜덤의 모양으로 보이고
   ② 착륙장에서 출발하여 
   ③ 1초동안 랜덤의 위치로 움직이기를 반복한다. 

3. 우주선3 스프라이트를  클릭했을때 
    ① 클릭변수를 1만큼 바꾼다. 
    ② 만약 클릭변수 = 3이라면 
           - 모양4로  바뀌고, 
           - 1초동안 착륙장으로 이동하고 숨긴다
        아니라면
           - 모양5로 바뀌고 게임이 종료된다.
[우주선4]
- 1. 우주선4스프라이트 모양1, 모양2, 모양3에
   각각 몫이 13,14,15이 되는 나눗셈식을 입력하세요.
   예를 들면 
     모양1 - 5+8, 16-3   ----> 결과값 13
     모양2 - 7+7, 7*2   ----> 결과값 14
     모양3 - 3*5 , 9+6,   ----> 결과값 15

2. 게임이 시작되면 
   ① 우주선4은 모양1~모양3 랜덤의 모양으로 보이고
   ② 착륙장에서 출발하여 
   ③ 1초동안 랜덤의 위치로 움직이기를 반복한다. 

3. 우주선4 스프라이트를  클릭했을때 
    ① 클릭변수를 1만큼 바꾼다. 
    ② 만약 클릭변수 = 4이라면 
           - 모양4로  바뀌고, 
           - 1초동안 착륙장으로 이동하고 숨긴다
        아니라면
           - 모양5로 바뀌고 게임이 종료된다.
[우주선5]
- 1. 우주선5스프라이트 모양1, 모양2, 모양3에
   각각 몫이 16,17,18이 되는 나눗셈식을 입력하세요.
   예를 들면 
     모양1 - 4*4, 20-4   ----> 결과값 16
     모양2 - 14+3, 9+8   ----> 결과값 17
     모양3 - 6*3 , 20-2   ----> 결과값 18

2. 게임이 시작되면 
   ① 우주선5은 모양1~모양3 랜덤의 모양으로 보이고
   ② 착륙장에서 출발하여 
   ③ 1초동안 랜덤의 위치로 움직이기를 반복한다. 

3. 우주선5스프라이트를  클릭했을때 
    ① 클릭변수를 1만큼 바꾼다. 
    ② 만약 클릭변수 = 5이라면 
           - 모양4로  바뀌고, 
           - 1초동안 착륙장으로 이동하고 숨긴다
        아니라면
           - 모양5로 바뀌고 게임이 종료된다.
[착륙장]
- 1. 착륙장은 게임이 시작하면 
지정한 위치에서 빙글빙글 회전한다.

2. 우주선5개가 모두 도착하면 
행성로 향해 가면서 작아지며 사라진다.
[행성]
- 행성은 아주 느린 속도로 회전하기를 반복한다."
STEP 3,연산 및 수학적 알고리즘을 활용한 게임만들기,스네이크게임,710105834,https://scratch.mit.edu/projects/710105834/,https://uploads.scratch.mit.edu/get_image/project/710105834_480x360.png,"[player]
- [개요]
플레이어가 타겟을 획득할 때마다 꼬리가 길어지는 프로그램을 제작해봅시다. 

이번에느 플레이어가 랜덤한 위치에 1개씩 나타나는 타겟을 얻을 때마다 꼬리가 길어집니다. 
플레이어가 프레임(흰색 테두리)에 닿았을 경우, 십자 형태로 나타나는 레이저에 닿았을 경우 게임이 종료됩니다. 어떻게 하면 게임을 더 재미있게 만들 수 있을지 생각해봅시다.



[스프라이트 구현 순서]
Thumbnail -> player -> target -> 프레임 -> Lazer


[과정]
◎ 깃발 클릭했을 때
1. 위치 초기화하기
2. 방향 초기화하기
3. 점수를 0으로 정하기
4. 꼬리길이를 0으로 정하기


◎ 게임시작 신호를 받았을 때
1. 무한 반복하기
     1-1. 나 자신 복제하기
     1-2. 0.05초 기다리기


◎ 게임시작 신호를 받았을 때
1. 무한 반복하기
     1-1. 5만큼 움직이기
     1-2. 만약 위쪽 화살표를 눌렀는가? 라면
          1-2-1. ___도 방향 보기
     1-2. 아래, 오른쪽, 왼쪽 화살표 키를 눌렀을 때 각 방향을 볼 수 있게 코드를 추가합니다.
     1-3. 만약 target에 닿았는가? 라면
          1-3-1. 꼬리길이를 0.1 만큼 바꾸기
     1-4. 만약 프레임에 닿았는가? 라면
          1-4-1. 모두 멈추기
     1-5. 만약 < Lazer에 닿았는가? 그리고 Lazer의 모양번호 = 1 >이라면
          1-5-1. 모두 멈추기



◎ 복제되었을 때
1. (꼬리길이) 초 기다리기
2. 10번 반복하기
     2-1. 투명도 효과를 10만큼 바꾸기
3. 이 복제본 삭제하기



★ 시간이 지날수록 게임이 더 어려워지게 만드는 방법을 생각해 봅시다.
[target]
- [과정]
◎ 깃발 클릭했을 때
1. 숨기기


◎ 게임시작 신호를 받았을 때
1. 보이기
2. 무한 반복하기
     2-1. ___도 회전하기


◎ 게임시작 신호를 받았을 때
1. 무작위 위치로 이동하기
2. 무한 반복하기
     2-1. 만약 player에 닿았는가? 라면
         2-1-1. 무작위 위치로 이동하기
         2-1-2. 점수를 1만큼 바꾸기
         2-1-3. 프레임 신호 보내기
         2-1-4. 0.1초 기다리기



Q. 무작위 위치로 이동할 때, 흰색 프레임에 가리지 않도록 하려면 코드를 어떻게 수정해야 할까요?
[Lazer]
- [개요]
레이저는 숨겨진 상태로 있다가 랜덤하게 나타나는 장애물입니다.
레이저의 위치를 미리 표시하기 위해 점선의 형태로 두어 번 보였다가 투명해지기를 반복하고(투명도 활용), 실선의 형태로 나타난 후 사라집니다.


[과정]
◎ 깃발 클릭했을 때
1. 숨기기


◎ 게임시작 신호를 받았을 때
1. 무한 반복하기
     1-1. 5부터 10 사이의 난수 초 기다리기
     1-2. 레이저 (내 블록)


◎ 레이저 정의하기  ==> 내 블록
1. x: (-150부터 150 사이의 난수),  y: (-125부터 125 사이의 난수) 으로 이동하기
2. 모양을 점선 으로 바꾸기
3. 투명도 효과를 50으로 정하기
4. 보이기
5. 2번 반복하기
     5-1. __번 반복하기
          5-1-1. 투명도 효과를 __만큼 바꾸기
     5-2. __번 반복하기
          5-2-1. 투명도 효과를 __만큼 바꾸기
6. 모양을 실선 으로 바꾸기
7. 투명도 효과를 0으로 정하기
8. 1.5초 기다리기
9. 10번 반복하기
     9-1. 투명도 효과를 5만큼 바꾸기
10. 숨기기


★ 난이도를 더 어렵게 하려면 어떻게 수정해야 할까요? 다른 장애물이나 아이템도 추가해 봅시다.
[프레임]
- ◎ 프레임 신호를 받았을 때
1. 흰색 프레임이 3번 깜박깜박 하는 효과를 구현해보세요.
(힌트: 투명도 효과나 숨기기/보이기 활용하기)


★ player가 target을 먹었을 때 보이는 효과입니다. 또 어떤 효과를 적용할 수 있을까요?
[Thumbnail]
- [과정]
◎ 깃발 클릭했을 때
1. x: 0,  y: -40 으로 이동하기
2. 보이기


◎ 이 스프라이트를 클릭했을 때
1. 게임시작 신호 보내기
2. 숨기기


★ 각자 원하는 썸네일을 직접 만들어서 적용해봅시다."
STEP 3,연산 및 수학적 알고리즘을 활용한 게임만들기,핑퐁 가로게임,290713231,https://scratch.mit.edu/projects/290713231/,https://uploads.scratch.mit.edu/get_image/project/290713231_480x360.png,"[Ball]
- [개요]
컴퓨터와 나와의 핑퐁게임 대결!
화면상의  패들(나)로 공을 주고받는 게임 입니다.
위 게임을 만들려면 어떤블록을 가져와서 만들어야 될까요?

[스프라이트 구현순서]
나 -> 컴 -> Ball



- 양옆 벽에 닿으면 ""벽에 닿으면 튕기기""로 가능하지만 '나', '컴' 스프라이트에는 적용이 되지 않아요. 
- 어떻게 하면 '나', '컴'에도 튕기기가 가능해질까요?


깃발 클릭했을 때
   - ""나"", ""컴"" 변수 0로 정하기
   - 무한 반복하기
        - 10만큼 움직이기
        - 벽에닿으면 튕기기
        - ('나' 또는 '컴'에 닿으면 튕기기)
        - (y좌표 < -170 일때와 170 < y좌표일때 각각 점수 계산하고 리셋 신호보내기)

리셋 신호를 받았을 때
   - x:0, y:0로 이동하기
   - 45부터 -45사이의 난수 도 방향보기
[나]
- [과정]
1.왼쪽 오른쪽으로 키보드 키를 누르면 움직이게 해주세요
[컴]
- 깃발 클릭했을 때
    - x: 17, y:167로 이동하기
    - 무한반복하기
         - (1초 동안 공으로 이동하기   hint: y는 167로 고정)

[생각해보기]
어떻게 하면 컴퓨터의 난이도를 올릴 수 있을까요?"
STEP 3,연산 및 수학적 알고리즘을 활용한 게임만들기,핑퐁 세로 게임,707926790,https://scratch.mit.edu/projects/707926790/,https://uploads.scratch.mit.edu/get_image/project/707926790_480x360.png,"[Ball]
- [개요]
직전에 구현했던 핑퐁가로게임과 매우 유사합니다.

다른 점만 구분을 하여 구현을 해봅시다!
[끝]
- 위치초기화
보이기
그래픽효과지우기
game start 모양바꾸기
스페이스키를 누를때까지 기다리기"
STEP 3,연산 및 수학적 알고리즘을 활용한 게임만들기,낚시게임,1179205689,https://scratch.mit.edu/projects/1179205689/,https://uploads.scratch.mit.edu/get_image/project/1179205689_480x360.png,"[어부]
- [개요]
복어를 피해 물고기를 낚는 게임을 만들어 봅시다.
어부는 좌우 화살표 키로 움직일 수 있고, 위아래 화살표 키로는 에너지를 늘리거나 줄일 수 있습니다.
에너지가 클수록 낚싯바늘이 깊숙하게 내려갈 수 있고, 에너지가 적을수록 많이 못 내려가게 됩니다.
낚싯바늘은 스페이스 키를 누르면 내려가고, 올라오면서 닿는 물고기를 모두 낚습니다.
대신 복어를 낚으면 목숨이 깎이고, 목숨이 0이 되면 게임이 끝납니다.


[과정]
◎🏴클릭했을 때
1. 모양을 fishing으로 바꾸고 움직이기 신호 보내기
2. 목숨이 0이 되면 게임종료 신호 보내기


◎ 움직이기 신호를 받았을 때
1. 회전 방식을 왼쪽-오른쪽으로 정하기
2. 좌우 화살표 키를 누르면 방향을 바꾸며 좌우로 움직이기
3. 위, 아래 화살표 키를 누르면 각각 에너지증가, 에너지감소 신호 보내기


◎ 게임종료 신호를 받았을 때
모양을 fishing2으로 바꾸고 복어는 싫어! 말하기
[에너지]
- [과정]
◎🏴클릭했을 때
모양을 에너지16으로 바꾸기


◎ 에너지증가 신호를 받았을 때
에너지가 점점 오르는 모양으로 바꾸기


◎ 에너지감소 신호를 받았을 때
에너지가 점점 줄어드는 모양으로 바꾸기


◎ 게임종료 신호를 받았을 때
다른 스크립트 멈추기
[낚싯바늘]
- [과정]
◎ 움직이기 신호를 받았을 때
1. 회전 방식을 왼쪽-오른쪽으로, y좌표를 10으로 정하기
2. 좌우 화살표 키를 눌렀을 때 어부와 같이 움직이기 (낚싯줄 끝에 위치할 수 있게 좌표를 바꿔주기)
3. 스페이스 키를 누르면 낚기 신호 보내기


◎ 낚기 신호를 받았을 때
1. 에너지의 모양에 따라 반복 횟수를 조정해서 y좌표 바꾸기 (아래로 내려가기)
2. 0.2초 기다리기
3. 다시 원래 위치로 올라가기


◎ 게임종료 신호를 받았을 때
다른 스크립트 멈추기
[물고기]
- [과정]
◎ 🏴클릭했을 때
1. 점수를 0으로 정하고 숨기기
2. 회전 방식을 왼쪽-오른쪽으로 정하기
3. 일정 시간마다 나 자신 복제하기


◎ 복제되었을 때
1. 보이기, 랜덤 위치로 이동하기 (바닷속으로 좌표를 정해주기)
2. 모양과 크기를 랜덤으로 정하기
3. 벽에 닿으면 튕기며 좌우로 움직이기
4. 만약 낚싯바늘에 닿았다면 y좌표>10까지 낚싯바늘을 따라가다가, 점수를 1만큼 바꾸고 복제본 삭제하기
[복어]
- [과정]
◎ 🏴클릭했을 때
1. 목숨을 5로 정하고 숨기기
2. 회전 방식을 왼쪽-오른쪽으로 정하기
3. 일정 시간마다 나 자신 복제하기 (물고기보다는 적게 나오도록 하기)



◎ 복제되었을 때
1. 물고기와 비슷하게 랜덤 위치에서 랜덤 모양, 랜덤 크기로 나타나 움직이기
2. 낚싯바늘에 걸리면 목숨을 1 줄이고 복제본 삭제하기



◎ 복제되었을 때
일정 시간이 지나면 복제본 삭제하기



◎ 게임종료 신호를 받았을 때
다른 스크립트 멈추기



Q1. 게임의 난이도는 어떻게 조절할 수 있을까요? 복어의 수나, 속도 등을 바꿔 봅시다.
Q2. 아이템 등 게임 요소를 추가해서 게임을 더욱 재미있게 만들어 봅시다."
STEP 3,연산 및 수학적 알고리즘을 활용한 게임만들기,고기굽기게임,1178417878,https://scratch.mit.edu/projects/1178417878/,https://uploads.scratch.mit.edu/get_image/project/1178417878_480x360.png,"[접시]
- [개요]
제한시간 내에 최대한 많은 고기를 태우지 않고 굽는 게임을 만들어 봅시다.
고기접시 클릭 후 불판을 클릭하면 고기가 올려져 구워집니다.
불판에 올려졌던 고기는 다시 클릭해서 쌈채소가 있는 접시를 클릭해 옮길 수 있습니다.


[과정]
◎ 🏴클릭했을 때
1. x: 145  y: 100 으로 이동하기
2. 시간 변수와 반복하기를 사용해서 30초 후 게임종료 신호 보내기
[고기접시]
- [과정]
◎ 🏴클릭했을 때
1. x: -135  y: 100 으로 이동하기
2. 마우스로 클릭하면 고기 신호 보내기 무한반복
* 단, 마우스를 누르고 누르고 떼었을 때에 신호를 보내야 합니다.

★ [ 이 스프라이트를 클릭했을 때 ] 블록 사용하지 않고 만들어 보세요.

◎ 게임종료 신호를 받았을 때
다른 스크립트 멈추기
[불판]
- [과정]
◎ 🏴클릭했을 때
 x: 0  y: -50 으로 이동하기


◎ 고기 신호를 받았을 때
마우스로 클릭하면 고기를 복제하고 이 스크립트 멈추기

★ [ 이 스프라이트를 클릭했을 때 ] 블록 사용하지 않고 만들어 보세요.


◎ 게임종료 신호를 받았을 때
다른 스크립트 멈추기
[고기]
- [과정]
◎ 🏴클릭했을 때
1. 점수, 버림 변수를 0으로 정하기
2. 숨기기
3. 계속해서 마우스 포인터를 따라다니다가 버림=5 가 되면 게임종료 신호 보내기


◎ 복제되었을 때
1. 1초 기다린 후 무한반복하기: 만약  마우스로 클릭했다면
     1-1. 접시를 클릭할 때까지 마우스 포인터로 이동하기 반복
     1-2. 만약 잘 익은 고기라면 점수를 1만큼 바꾸고 0.1초 후 복제본 삭제하기
     1-3. 아니라면 버림을 1만큼 바꾸고 복제본 삭제하기


★ 고기는 복제되었을 때 일정 시간마다 모양을 1->2->3 으로 바꿔야 합니다.


◎ 게임종료 신호를 받았을 때
다른 스크립트 멈추기
[타이머]
- [과정]
◎ 🏴클릭했을 때
1. 결과 리스트를 모두 삭제하고 숨기기
2. ""남은 시간: 몇 초"" 를 계속해서 말하기  (시간 변수를 사용해서 말하기)


◎ 게임종료 신호를 받았을 때
1. 다른 스크립트를 멈추기
2. 잘 구운 고기와 태운 고기가 각각 몇 개인지 결과 리스트에 추가하고 보이기

★ 결과 리스트 예시
잘 구운 고기 : 5개
태운 고기 : 3개



Q1. 게임을 더 재밌게 만들려면 어떤 요소를 더 추가할 수 있을까요?
Q2. 결과 리스트에 사용자 이름을 함께 추가하는 기능을 넣어 봅시다.
[Thumbnail]
- [과정]
처음에는 숨겼다가, 게임종료 신호를 받았을 때 맨 앞쪽에서 게임실패 모양으로 보여야 합니다."
STEP 3,연산 및 수학적 알고리즘을 활용한 게임만들기,공 튕기기 게임,359276857,https://scratch.mit.edu/projects/359276857/,https://uploads.scratch.mit.edu/get_image/project/359276857_480x360.png,"[Ball]
- [개요]
계속 튕기는 노란색 공을 초록색 버튼까지 도달하는 게임을 만들어 봅시다!
빨간색에 닿으면 처음 위치로 돌아오고 초록 버튼에 닿으면 다음 단계로 넘어가요.
노란 공은 중력의 영향을 받아 공중에서 더욱더 빠르게 내려와요.


[과정]
◎ 🏴 클릭했을 때
1. 1단계로 배경 바꾸기
2.  x: -222, y: 162로 이동하기
3. 화살표 키로 좌,우 움직이기 기능 만들기
4. 계속해서 검은색에 닿으면 튕기는 모습 구현하기

   (힌트: y좌표를 중력만큼 바꾸기를 반복하기 
   y좌표는 계속해서 중력만큼 바뀌는데, 공중으로 갈수록 속도가 느려지고 검은색으로 내려올수록 속도가 빨라져야 합니다.
   중력 변수가 어떻게 바뀌어야 할까요?)

5. 빨간색에 닿으면 열쇠 변수를 0으로 정하고 처음 위치로 이동하기        
6. button1에 닿으면 배경이 1,2,3일 경우에는 내블록 다음단계 실행하기
   배경이 4,5일 때는 열쇠가 있어야 다음 단계 실행



◎ 내블록 ""다음단계"" 정의하기
1. 다음 배경으로 바꾸기
2. 열쇠 변수를 0으로 정하기
3. x: -222 y: 162로 이동하기
[Button1]
- 깃발 클릭했을 때
    -보이기


배경이 level1로 바뀌었을 때
   - x: 210, y -100

배경이 level2로 바뀌었을 때
   - x: 210, y -120

배경이 level3로 바뀌었을 때
   - x: 210, y -120

배경이 level4로 바뀌었을 때
   - x: 210, y -120
   - 투명도 효과를 70으로 정하기

배경이 level5로 바뀌었을 때
   - x: -10, y -160
   - 투명도 효과를 70으로 정하기

배경이 ""Clear""로 바뀌었을 때
   - 숨기기

""열쇠획득"" 신호를 받았을 때
   - 그래픽 효과 지우기
[Key]
- 깃발 클릭했을 때
   - ""열쇠""변수를 0로 정하기
   - 숨기기
   - 90도 방향보기
   - 크기를 50%로 정하기
   - (위아래로 둥둥 떠있는 동작을 구현해주세요)


배경이 level4로 바뀌었을 때
   - 보이기
   - x:-203 ,y:-98로 이동하기
   - 무한반복하기
      - (Ball에 닿았을 때 ""열쇠""변수를 바꿔주고 ""열쇠획득""신호보내고 숨기기)


 배경이 level5로 바뀌었을 때
   - 보이기
   - x: 200 ,y: 110로 이동하기
   - 무한반복하기
      - (level4와 똑같이 구현)
[Button2]
- 깃발 클릭했을 때
   - x: 0 y: 80 으로 이동하기
   - 숨기기
   - 무한반복하기
       - 5만큼 움직이기
       - 벽에 닿으면 튕기기


배경이 level5로 바뀌었을 때
   - 보이기

배경이 Clear로 바뀌었을 때
   - 숨기기


[마무리]
여러 스프라이트를 추가하여 난이도를 높여볼까요?"
STEP 3,연산 및 수학적 알고리즘을 활용한 게임만들기,청기백기,346282211,https://scratch.mit.edu/projects/346282211/,https://uploads.scratch.mit.edu/get_image/project/346282211_480x360.png,"[선수]
- [개요]
청기백기 게임을 구현해봅시다!

청기백기 게임이란?
""청기 올리고 백기 내려"", ""청기 올리고 백기 올려"" 등 명령에 따라 두 깃발을 움직여야 하는 게임입니다.


깃발이 움직이도록 명령할수 있는 경우의 수를 세어봅시다
- ""올려""만 고려했을 때 경우의 수 ??개
- ""올려""와 ""내려""를 같이 고려했을 때 경우의 수 ??개


[스프라이트 구현 순서]
백기 -> 청기 -> 선수 -> 하트


[과정]
""내 블록""을 사용하여 구현해봅시다.

※  내 블록이란?
반복적인 코드를 내 블록으로 작성해서 필요할 때 마다 사용할 수 있는 블록입니다.



내블록 ==>  블록 만들기 ==> ""블록이름""을 ""청기백기""로 바꾸기 ==> 확인

◎ 청기백기 정의하기
   - 만약 ""청기"" = ""청기정답"" 그리고 ""백기"" = ""백기정답"" 이라면
            -- ""맞았어!""라고 1초동안 말하기
            -- ""점수"" 변수를 1만큼 바꾸기
     아니라면
            -- ""틀렸어!""라도 1초동안 말하기
            -- 하트변수 줄이기 신호보내기
     - ""백기"" 0으로 정하기
     - ""청기"" 0으로 정하기
     - ""깃발내리기"" 신호보내기
- 깃발 클릭했을 때
   - (""청기"", ""백기"", ""점수"" 변수 초기화)
   -  ""청기백기 게임을 해보자"" 2초동안 말하기
   - ""게임시작"" 신호 보내기



게임시작 신호를 받았을 때
    - 무한 반복하기
        - ""명령"" 변수를 (1~ 경우의 수) 난수로 정해준다. 
       ① 만약 명령변수 = 1이라면
            - ""청기 백기 올리지마"" 라고 2초동안 말하기
            - ""청기정답""을 0로 정하기
            - ""백기정답""을 0로 정하기
            - 청기백기 (청기, 백기)        <==== 내블록
            

Q. 청기 올리고 백기 내려, 청기만 내려 등등... 명령 변수는 총 몇 개 있을까요? 모든 경우에 대해 코드를 작성합니다.
[백기]
- ◎깃발을 클릭했을때
  1. 90도 방향 보기
  2. 무한 반복하기
      2-1. 만약 W 키를 눌렀는가? 그리고 방향 = ?? 라면 
           2-1-1. 시계방향 30도 돌기
           2-1-2. ""백기""변수 ??로 정하기
           2-1-3. W키를 눌렀는가? 가 아니다 까지 기다리기

      2-2. 만약 S 키를 눌렀는가? 그리고 방향 = ?? 라면 
          2-2-1. 반시계방향 30도 돌기
          2-2-2. ""백기"" 변수 ??로 정하기
          2-2-3. S키를 눌렀는가? 가 아니다 까지 기다리기



◎깃발 내리기 신호를 받았을 때
   1. 90도 방향 보기
[청기]
- ◎깃발을 클릭했을때
  1. 90도 방향 보기
  2. 무한 반복하기
      2-1. 만약 위쪽 화살표 키를 눌렀는가? 그리고 방향 = ?? 라면 
           2-1-1. 반시계방향 30도 돌기
           2-1-2. ""청기""변수 ??로 정하기
           2-1-3. 위쪽 화살표 키를 눌렀는가? 가 아니다 까지 기다리기

      2-2. 만약 아래쪽 화살표 키를 눌렀는가? 그리고 방향 = ?? 라면 
          2-2-1. 시계방향 30도 돌기
          2-2-2. ""청기"" 변수 ??로 정하기
          2-2-3. 아래쪽 화살표 키를 눌렀는가? 가 아니다 까지 기다리기



◎깃발 내리기 신호를 받았을 때
   1. 90도 방향 보기
[하트]
- ◎ 깃발클릭했을때 
   1. 위치초기화
   2. 하트모양 초기화


◎ 하트갯수줄이기 신호 받았을때
   1. 다음모양으로 바꾸기
   2. 만약 모양번호 = 4라면
      2-1. 모두 멈추기"
STEP 3,연산 및 수학적 알고리즘을 활용한 게임만들기,Color World,331713436,https://scratch.mit.edu/projects/331713436/,https://uploads.scratch.mit.edu/get_image/project/331713436_480x360.png,"[Player]
- [개요]
Player의 색깔을 바꾸어 같은 색깔의 벽, 레이저만 통과할 수 있는 미로탈출 게임을 만들어봅시다!

숫자 키를 눌러 Player는  네 가지 색(1:파랑, 2:빨강, 3:초록, 4:노랑)중 하나로 바뀔 수 있습니다. 


[스프라이트 구현 순서]
Sprite -> Player -> Portal -> Blue Switch 1 -> Blue Door 1 -> Lazer



[과정1]
""내 블록""을 사용하여 같은 색깔의 벽만 지나가는 것을 구현해봅시다.



◎ 깃발 클릭했을 때
1. 모양을 costume1로 바꾸기
2. 무한 반복하기
     2-1. 만약 위쪽 화살표키를 눌렀는가? 라면
          2-1-1. 0도 방향보기
          2-1-2. 5만큼 움직이기
          2-1-3. 감지 (내 블록)
     2-2. 나머지 방향(아래쪽, 왼쪽, 오른쪽)도 구현하기


※  내 블록이란?
반복적인 코드를 내 블록으로 작성해서 필요할 때 마다 사용할 수 있는 블록입니다.

＊내 블록 -> 블록 만들기 -> ""블록 이름""을 ""감지""로 수정하고 확인


◎ 감지 정의하기  ------------- 내 블록
1. 만약 모양 번호 = 1 이라면   (Player의 색이 파랑이라면)
     1-1. 만약 '벽(회색)' 또는 '빨강' 또는 '초록' 또는 '노랑'에 닿았는가? 라면
      1-2. - 5만큼 움직이기
 2. 만약 모양 번호 = 2 이라면
.
.
.

★ 빨강, 초록, 노란색일 경우도 구현해봅시다.
- [과정2]
1, 2, 3, 4 키를 눌렀을 때 Player의 색이 바뀌도록 코드를 작성합니다.
각 단계에서 Player의 위치를 정하고 4단계에서 Lazer에 닿았을 때 처음 위치로 돌아가는 상황을 구현해 봅시다.


◎ '1' 키를 눌렀을 때
1. 파란색으로 모양 바꾸기

★ 2, 3, 4 키도 똑같이 구현합니다.



◎ 배경이 backdrop1로 바뀌었을 때
1. 보이기
2. x: -195, y: -143 로 이동하기


backdrop2 => x: 0, y: -154
backdrop3 => x: -205, y: 22
backdrop4 => x: -195, y: 120

◎ 배경이 backdrop4로 바뀌었을 때는 다른 색의 레이저에 닿으면 원래 위치로 돌아오는 것까지 구현합니다.
[Sprite]
- [과정]
1. 🏴클릭했을 때 맨 앞쪽으로 순서 바꾸고 가운데로 이동 후 보이기
2. 스프라이트를 클릭했을 때 숨기고, 시작 신호 보낸 후 배경을 1단계로 바꾸고 이 스크립트 멈추기
[Blue Switch 1]
- [개요]
Player가 파란색인 상태로 눌렀을 때 닫힌 문(Blue Door 1)이 열리도록 하는 장치입니다.

 
◎ 배경이 backdrop1로 바뀌었을 때
1. 보이기
2. x: 102,  y: 67로 이동하기
3. 모양을 costume1로 바꾸기
4. 만약 Player에 닿았고, Player가 파란색이면 모양을 costume2로 바꾸고, 열기 신호 보내기


※ 배경 2, 3도 마찬가지로 구현하고, 4, 5단계에서는 숨기기
backdrop2   => x: 115, y: -153
backdrop3   => x: -15  y: 25
[Blue Door 1]
- [개요]
플레이어가 스위치를 누르면 열리는 스프라이트 입니다.

[과정]
◎ 열기 신호를 받았을 때
1. 숨기기


◎ 배경이 backdrop1로 바뀌었을 때
1. x: -125, y: 69 로 이동하기
2. 보이기


※ 배경 2, 3도 마찬가지로 구현하고, 4, 5단계에서는 숨기기
backdrop2  ==> x: -70, y: 23
backdrop3  ==> x: 198, y: 69
[Portal]
- ◎ 시작 신호를 받았을 때
1. 모양을 costume1, 크기를 100%로 정하기
2. 크기가 커졌다 작아졌다를 반복하며 무한으로 회전하기
3. Player에 닿았는가? 까지 기다리기 후 다음 배경으로 바꾸기



backdrop1  ==>  x: -195,  y: 65
backdrop2  ==>   x: -145,  y:- 131  / 모양을 costume2로 바꾸기
backdrop3  ==>   x: -141,  y:-129   / 모양을 costume3로 바꾸기
backdrop4  ==>   x: 185,  y: -125
backdrop5  ==>  숨기기
[Lazer]
- ◎ 깃발 클릭했을 때
1. 숨기기


◎ 배경이 backdrop4로 바뀌었을 때
1. x :-240,  y:-180로 이동하기
2. 보이기
3. 일정 시간마다 왼쪽 아래에서 오른쪽 위로, 오른쪽 위에서 왼쪽 아래로 이동하기
4. 나타날 때마다 랜덤으로 색 바꾸기



◎ 배경이 backdrop5 로 바뀌었을 때
1. 숨기기
2. 이 스프라이트에 있는 다른 스크립트 멈추기


★ 어떻게 하면 게임을 더 어렵게 만들 수 있을까요? 레이저 외에 다른 장애물도 추가해봅시다."
STEP 3,연산 및 수학적 알고리즘을 활용한 게임만들기,자동차 장애물 피하기 게임,351331015,https://scratch.mit.edu/projects/351331015/,https://uploads.scratch.mit.edu/get_image/project/351331015_480x360.png,"[자동차]
- [개요]
장애물을 피해 자동차를 위아래로 운전하는 게임을 구현해봅시다!
장애물은 오른쪽에서 왼쪽으로 움직이며 4개의 트랙에서 아무때나 나타납니다.

[스프라이트 구현 순서]
시작 -> 배경 -> 자동차 -> 장애물(바위부터)



◎ 게임시작 신호를 받았을 때
1. 자동차의 위치를 x: -190, y: -157로 초기화 한다.
2. 위, 아래 방향키로 자동차의 위치를 한 칸씩(y좌표 44만큼) 이동한다.
   *이때 한번에 두칸씩 움직이는 것을 방지하기 위해 ~까지 기다리기 명령어를 사용한다.
     ex. 위쪽 화살표 키를 눌렀는가? 가 아니다 까지 기다리기
   **트랙을 벗어나지 않게 코딩한다. (만약 맨 윗줄이라면 위로 올라가지 않게, 맨 아랫줄이라면 아래로 내려가지 않게)
- ◎ 게임시작 신호를 받았을 때
1.장애물(바위, 바나나, 오일, STOP) 4개가 랜덤으로 복제된다. 



Q1. 장애물이 겹치지 않게 생기려면 어떻게 할까요?
Q2. 장애물이 아닌, 먹으면 점수가 올라가는 아이템을 추가해봅시다.
[시작]
- ◎ 🏴클릭했을 때
1. 모양을 3, 2, 1 순서대로 보인 후, 게임 시작 신호를 보내고 숨기기
2. 목숨 변수를 0으로 정하기
[배경1]
- ◎ 게임시작 신호를 받았을 때
1. 맨 뒤쪽으로 순서 바꾸기
2. x : 460, y : 0으로 이동하기
3. 왼쪽으로 이동하다가, x좌표가 -460보다 작아지면  x : 460, y : 0으로 이동하기


Q. 배경이 끊어지지 않고 이어지게 보이려면 배경2 코드를 어떻게 작성해야 할까요?
[바위]
- ◎ 게임시작 신호를 받았을 때
1. 숨기기
2. 위치 초기화 (트랙의 오른쪽)



◎ 복제되었을 때
1. 왼쪽으로 이동하다가 자동차나 벽에 닿으면 복제본 삭제하기
2. 자동차에 닿을 때는 목숨을 -1만큼 바꾸기



Q1. 나머지 장애물(바나나, 오일, stop)도 동일하게 작성해 봅시다.
Q2. 아이템과 점수 변수를 추가하여, 아이템을 먹으면 점수를 얻는 게임으로 수정해 봅시다."
STEP 4,연산 및 수학적 알고리즘을 활용한 게임만들기,벽돌게임,460445074,https://scratch.mit.edu/projects/460445074/,https://uploads.scratch.mit.edu/get_image/project/460445074_480x360.png,"[벽돌]
- [개요]
바(Bar)로 공을 튕기며 벽돌들을 부수는 게임을 만들어 봅시다!

벽돌은 각각 1부터 5까지 맞혀야 하는 횟수가 모두 다릅니다. 
벽돌을 다 없애면 게임클리어, 그 전에 공이 바닥에 닿으면 게임오버가 됩니다.


[스프라이트 구현 순서]
끝 -> 바 -> 벽돌 -> Ball


[과정]

◎ 깃발 클릭했을 때
1. 보이기
2. x: -215, y: 162 로 이동하기
3. 크기를 40%로 정하기
4. 벽돌 변수를 50으로 정하기
5. 벽돌을 한 줄에 10개씩, 총 다섯 줄에 생성하기(좌우 간격은 47, 상하 간격은 30) 

★ 5번 힌트: 반복하기 2개 사용해서 벽돌 복제하기


◎ 복제되었을 때
1. 모양을 ??로 바꾸기
2. 무한반복 내부
     2-1. 만약 Ball에 닿았는가? 라면
          2-1-1. 만약 모양번호 = 1 이라면
                2-1-1-1. 벽돌을 -1만큼 바꾸기
                2-1-1-2. 이 복제본 삭제하기
          2-1-2. 아니면 다음 모양으로 바꾸기
     2-2. 만약 벽돌 = 0 이라면
          2-2-1. 게임클리어 신호 보내기


Q. 벽돌마다 맞히는 횟수를 다르게 하려면 어떻게 해야 할까요? 
     (힌트: 변수 사용해서 모양 바꾸기)
[Ball]
- ◎ 깃발 클릭했을 때
1. x: 0, y:-120로 이동하기
2. 180도 방향 보기


◎ ""게임시작"" 신호를 받았을 때
1. 무한 반복하기
     1-1. 벽에 닿으면 튕기기
     1-2. 10만큼 움직이기
     1-3. 만약 바닥에 닿으면 (좌표 활용)
         1-3-1. ""게임오버"" 신호 보내기


★ 공이 벽돌과 바에 닿았을 때도 튕기려면 어떻게 해야 할까요? 전에 만들었던 핑퐁 게임을 생각해봅시다.
         (Hint:  ??? - 방향)
[바]
- ◎ 깃발 클릭했을 때
1. x:0, y:-140으로 이동하기


◎ ""게임시작"" 신호를 받았을 때
1. 왼쪽 화살표와 오른쪽 화살표 키를 눌렀을 때 좌우로 이동하기
[끝]
- ◎ 깃발 클릭했을 때
1. 모양을 game start 로 바꾸기
2. 크기를 100%로 정하기
3. 보이기


◎ 스페이스 키를 눌렀을 때
1. 게임시작 신호 보내기
2. 숨기기


◎ 게임클리어 신호를 받았을 때
1. 모양을 ??로 바꾸고 게임 종료하기


◎ 게임오버 신호를 받았을 때
1. 모양을 ??로 바꾸고 게임 종료하기



★ 게임이 끝날 때의 상황(게임클리어 / 게임오버)에 맞게 모양을 바꾸어 종료 화면을 만들어봅시다."
STEP 4,연산 및 수학적 알고리즘을 활용한 게임만들기,연산자 맞추기,302399020,https://scratch.mit.edu/projects/302399020/,https://uploads.scratch.mit.edu/get_image/project/302399020_480x360.png,"[연산자]
- [개요]
수식에 알맞는 연산자를 고르는 게임을 만들어 봅시다!
연산자란, 더하기, 빼기, 곱하기, 나누기처럼 숫자를 계산할 때사용하는 기호를 말합니다.

숫자 2개와 결과를 보고, 물음표 자리에 들어갈 연산자를 클릭해서 맞히는 문제입니다.
올바른 연산자를 고르면 1점을 얻고, 틀리면 1점을 잃습니다.
각 문제마다 5초의 제한시간이 있습니다. 


[스프라이트 구현 순서]
연산자 -> 값1 -> 값2 -> 결과1 -> 결과2 -> 시계 -> 더하기, 빼기, 곱하기, 나누기 


[과정]
◎ 깃발 클릭했을 때
1. 점수를 0으로 정하기
2. 연산자정하기 신호 보내기

◎ 연산자정하기 신호를 받았을 때
1. 연산자 변수를 1부터 4 사이의 난수로 정하기
2. 숫자1, 숫자2 변수를 1부터 9 사이의 난수로 정하기
3. 만약 < 연산자 = 1 > 이라면   ==> 연산자가 더하기인 경우
     3-1. 결과를 숫자1+숫자2로 정하기
4. 만약 < 연산자 = 2 > 이라면   ==> 연산자가 빼기인 경우
     4-1. 숫자1 > 숫자2 까지 반복하기  ==> 앞의 수가 더 커질 때까지 숫자를 다시 정하기
          4-1-1. 숫자1, 숫자2 변수를 1부터 9 사이의 난수로 정하기
5. 곱하기, 나누기도 완성하기 (주석 맨아랫줄 참고)
5. 수식완료 신호 보내기



★ 게임이 끝나는 상황을 스스로 만들어봅시다.



※ 참고 : 빼기의 경우, 앞의 숫자가 뒤의 숫자보다 작으면 뺄 수 없습니다. 
나누기의 경우 나누어 떨어지지 않으면 결과를 구하기 어려워집니다. 
즉, 빼기와 나누기는 계산이 가능한 경우가 나올 때까지 숫자1과 숫자2를 다시 정해줘야 합니다.
[값1]
- ◎ 수식완료 신호를 받았을 때
1. 모양을 (숫자1)로 바꾸기
[값2]
- ◎ 수식완료 신호를 받았을 때
1. 모양을 (숫자2)로 바꾸기
[결과1]
- ◎ 수식완료 신호를 받았을 때
1. 만약 결과 < 10 라면
     1-1. 모양을 모양10▼ 로 바꾸기 
2. 아니면
     2-1. 모양을 (""모양"")과 (결과의 1번째 글자) 결합하기 로 바꾸기
[결과2]
- ◎ 수식완료 신호를 받았을 때
1. 만약 결과 < 10 라면
     1-1. 모양을 (""모양"")과 ______ 결합하기 으로 바꾸기
2. 아니면
     2-1. 모양을 (""모양"")과 ______ 결합하기 으로 바꾸기


★ 결과1과 비슷하지만 조금 다릅니다. 스프라이트의 모양을 잘 보고 빈칸에 어떤 블록과 숫자가 들어가야 할지 생각해봅시다.
[더하기]
- ◎ 수식완료 신호를 받았을 때
1. 모양을 (연산자▼)로 바꾸기 


◎ 이 스프라이트를 클릭했을 때
 1.  만약 연산자 변수가 ??라면
     1-1. 점수를 1만큼 바꾸기
     1-2. 모양을 정답으로 바꾸기
2. 아니면
     2-1. 점수를 -1만큼 바꾸기
     2-2. 모양을 오답으로 바꾸기
3. 0.5초 기다리기
4. 연산자정하기 신호 보내기


★ 연산자 변수와 더하기/빼기/곱하기/나누기 스프라이트는 무슨 관계일까요?
빈칸에 알맞은 숫자를 넣어 코드를 완성하고, 나머지 연산자도 동일하게 작성합니다.
[시계]
- ◎ 수식완료 신호를 받았을 때
1. 시간을 5로 정하기
2. 모양을 시계1로 바꾸기
3. 시간 < 0 까지 반복하기
     3-1. 1초 기다리기
     3-2. 시간을 -1만큼 바꾸기
     3-3. 다음 모양으로 바꾸기
4. 수식완료 신호 보내기


Q. 시간 내에 문제를 풀지 못하면 점수를 잃게 하려고 합니다. 코드를 어떻게 수정하면 좋을까요?"
STEP 4,연산 및 수학적 알고리즘을 활용한 게임만들기,오존을 찾아라,293861383,https://scratch.mit.edu/projects/293861383/,https://uploads.scratch.mit.edu/get_image/project/293861383_480x360.png,"[미로]
- [개요] 
오존발생기를 움직여서 산소를 3개 모아 오존을 만들어봅시다.
게임이 시작되면 모든 탄소와 산소는 랜덤한 위치로 이동되고, 1초 후 투명해져서 보이지 않습니다. 

오존발생기가 탄소나 산소를 지나가면 다시 보이게 되지만, 탄소에 닿으면 처음 위치로 되돌아가고 탄소와 산소의 위치가 다시 바뀝니다.

산소의 위치를 기억했다가 산소가 있는 길을 찾아 이동하며 골 지점에 도달해야 합니다.


★ 위치 변수와 신호 보내기를 적절하게 사용해서 프로그램을 만들어 봅시다.



[스프라이트 구현 순서]
오존발생기 -> 목표지점 -> 산소1 -> 탄소1 -> 탄소2

1층 산소와 탄소가 랜덤으로 잘 배치되는지 확인하고 나머지 스프라이트를 구현합니다.
[오존발생기]
- [과정]
◎ 깃발 클릭했을 때
1. 무한 반복하기
     1-1. 만약 위쪽 화살표를 눌렀는가? 라면
          1-1-1. 위쪽으로 이동하기
     1-2. 나머지 아래, 왼쪽, 오른쪽도 이동할 수 있게 코드 작성하기
     1-3. 만약 미로 색에 닿았는가? 라면 지나갈 수 없게 하기
     1-4. 만약 목표지점에 닿았는가? 라면
          1-4-1. 오존O3를 1만큼 바꾸기
          1-4-2. 준비 신호 보내기


◎ 준비 신호를 받았을 때
1. x: -160,  y:-160 으로 이동하기
2. 0도 방향 보기
[목표지점]
- 다시 풀어쓰자면
산소1, 탄소1, 탄소2 는 y좌표가 -95이고 x 좌표는 170, 0, -170 중에 랜덤.
- ◎ 깃발 클릭했을 때
1. 준비 신호 보내기


◎ 준비 신호를 받았을 때   ==> 산소와 탄소의 위치 정하기
1. 1층 변수를 (1부터 ___사이의 난수)로 정하기
2. 2층 변수를 (1부터 ___사이의 난수)로 정하기
3. 3층 변수를 (1부터 ___사이의 난수)로 정하기
4. 배치 신호 보내기   ==> 산소와 탄소가 이동하기 위한 신호


★ 1층 변수는 (산소1, 탄소1, 탄소2) 가 배치될 수 있는 경우의 수를 랜덤으로 정하는 변수입니다. 
모두 몇 가지가 있을지 생각해서 빈칸을 채워봅시다.

2층 변수는 (산소2, 탄소3, 탄소4) 의 배치를, 3층 변수는 (산소3, 탄소5, 탄소6) 의 배치를 결정합니다.
- ★ 산소와 탄소 자리 각각의 좌표


x: -170, y: 95          x: 0, y: 95          x: 170, y: 95

x: -170, y: 0            x: 0, y: 0            x: 170, y: 0

x: -170, y: -95         x: 0, y: -95         x: 170, y: -95
[산소1]
- ◎ 배치 신호를 받았을 때
1. 투명도를 0으로 정하기
2. 만약 1층 = 1 이라면
     2-1. x: ___ , y: ___ 으로 이동하기
3. 만약 1층 = 2 라면

.
.      ( 1층 변수의 경우의 수만큼 코드 작성하기)
.

4. 1.5초 기다리기
5. 10번 반복하기
     5-1. 투명도를 10만큼 바꾸기
6. 무한 반복하기
     6-1. 만약 오존발생기에 닿았는가? 라면
          6-1-1. 투명도를 0으로 정하기



★ 산소2, 산소3도 비슷하게 작성합니다. 대신 변수의 종류와 각각의 좌표가 달라져야 합니다.
[탄소1]
- ◎ 배치 신호를 받았을 때
1. 투명도를 0으로 정하기
2. 만약 1층 = 1 이라면
     2-1. x: ___ , y: ___ 으로 이동하기
3. 만약 1층 = 2 라면
.
.      ( 1층 변수의 경우의 수만큼 코드 작성하기)
.

4. 1.5초 기다리기
5. 10번 반복하기
     5-1. 투명도를 10만큼 바꾸기
6. 무한 반복하기
     6-1. 만약 오존발생기에 닿았는가? 라면
          6-1-1. 투명도를 0으로 정하기
          6-1-2. 준비 신호 보내기



★ 산소 코드와 다른 점에 유의해서 작성합니다. 나머지 탄소도 비슷하게 작성하되 변수의 종류와 좌표가 달라져야 합니다."
STEP 4,연산 및 수학적 알고리즘을 활용한 게임만들기,공배수,635385866,https://scratch.mit.edu/projects/635385866/,https://uploads.scratch.mit.edu/get_image/project/635385866_480x360.png,"[스프라이트 1]
- [개요]
최대 공약수에 이어서 이번엔 최소 공배수를 구하는 프로그램을 만들어봅시다!



[과정]

- 깃발 클릭했을 때
   - ""첫 번째 숫자 입력하기"" 묻고 기다리기
   - 'A'변수를 대답으로 정하기
   - ""두 번째 숫자 입력하기"" 묻고 기다리기
   - 'B'변수를 대답으로 정하기
  
   - (n은 최소 공배수가 될 때 까지 1씩 증가합니다. 최대 몇번 반복해야 할까요?)
        - (A,B와 n을 사용한 최소 공배수가 되는 조건은 무엇일까요?) 
  


[생각해보기]
최대 공약수를 이용하여 최소공배수를 어떻게 구할 수 있을까요?"
STEP 4,연산 및 수학적 알고리즘을 활용한 게임만들기,끝말잇기,293840897,https://scratch.mit.edu/projects/293840897/,https://uploads.scratch.mit.edu/get_image/project/293840897_480x360.png,"[우주선1]
- [개요]
각각의 수식이 적혀있는 5개의 우주선 중, 가장 낮은 값부터 클릭하는 게임을 만들어 봅시다!

[과정]

깃발클릭했을때
""클릭""변수를 0으로 초기화한다.

       
1. 우주선1스프라이트 모양1, 모양2, 모양3에
   각각 몫이 1,2,3이 되는 나눗셈식을 입력하세요.
   예를 들면
     모양1 - 3/3, 4/4    ----> 결과값 1
     모양2 - 6/3, 8/4   ----> 결과값 2
     모양3 - 9/3, 15/5   ----> 결과값 3

2. 게임이 시작되면
   ① 우주선1은 모양1~모양3 랜덤의 모양으로 보이고
   ② 착륙장에서 출발하여
   ③ 1초동안 랜덤의 위치로 움직이기를 반복한다.

3. 우주선1 스프라이트를  클릭했을때
    ① 클릭변수를 1만큼 바꾼다.
    ② 만약 클릭변수 = 1이라면
           - 모양4로  바뀌고,
           - 1초동안 착륙장으로 이동하고 숨긴다
        아니라면
           - 모양5로 바뀌고 게임이 종료된다.
[우주선2]
- 1. 우주선2스프라이트 모양1, 모양2, 모양3에
   각각 몫이 4,5,6이 되는 나눗셈식을 입력하세요.
   예를 들면 
     모양1 - 12/3, 9-5    ----> 결과값 4
     모양2 - 25/5,  2+3   ----> 결과값 5
     모양3 - 15-9, 3*2   ----> 결과값 6

2. 게임이 시작되면 
   ① 우주선2은 모양1~모양3 랜덤의 모양으로 보이고
   ② 착륙장에서 출발하여 
   ③ 1초동안 랜덤의 위치로 움직이기를 반복한다. 

3. 우주선2 스프라이트를  클릭했을때 
    ① 클릭변수를 1만큼 바꾼다. 
    ② 만약 클릭변수 = 2이라면 
           - 모양4로  바뀌고, 
           - 1초동안 착륙장으로 이동하고 숨긴다
        아니라면
           - 모양5로 바뀌고 게임이 종료된다.
[우주선3]
- 1. 우주선3스프라이트 모양1, 모양2, 모양3에
   각각 몫이 10,11,12이 되는 나눗셈식을 입력하세요.
   예를 들면 
     모양1 - 15-5, 7+3   ----> 결과값 10
     모양2 - 2+9, 33/3   ----> 결과값 11
     모양3 - 2*6, 8+4,   ----> 결과값 12

2. 게임이 시작되면 
   ① 우주선3은 모양1~모양3 랜덤의 모양으로 보이고
   ② 착륙장에서 출발하여 
   ③ 1초동안 랜덤의 위치로 움직이기를 반복한다. 

3. 우주선3 스프라이트를  클릭했을때 
    ① 클릭변수를 1만큼 바꾼다. 
    ② 만약 클릭변수 = 3이라면 
           - 모양4로  바뀌고, 
           - 1초동안 착륙장으로 이동하고 숨긴다
        아니라면
           - 모양5로 바뀌고 게임이 종료된다.
[우주선4]
- 1. 우주선4스프라이트 모양1, 모양2, 모양3에
   각각 몫이 13,14,15이 되는 나눗셈식을 입력하세요.
   예를 들면 
     모양1 - 5+8, 16-3   ----> 결과값 13
     모양2 - 7+7, 7*2   ----> 결과값 14
     모양3 - 3*5 , 9+6,   ----> 결과값 15

2. 게임이 시작되면 
   ① 우주선4은 모양1~모양3 랜덤의 모양으로 보이고
   ② 착륙장에서 출발하여 
   ③ 1초동안 랜덤의 위치로 움직이기를 반복한다. 

3. 우주선4 스프라이트를  클릭했을때 
    ① 클릭변수를 1만큼 바꾼다. 
    ② 만약 클릭변수 = 4이라면 
           - 모양4로  바뀌고, 
           - 1초동안 착륙장으로 이동하고 숨긴다
        아니라면
           - 모양5로 바뀌고 게임이 종료된다.
[우주선5]
- 1. 우주선5스프라이트 모양1, 모양2, 모양3에
   각각 몫이 16,17,18이 되는 나눗셈식을 입력하세요.
   예를 들면 
     모양1 - 4*4, 20-4   ----> 결과값 16
     모양2 - 14+3, 9+8   ----> 결과값 17
     모양3 - 6*3 , 20-2   ----> 결과값 18

2. 게임이 시작되면 
   ① 우주선5은 모양1~모양3 랜덤의 모양으로 보이고
   ② 착륙장에서 출발하여 
   ③ 1초동안 랜덤의 위치로 움직이기를 반복한다. 

3. 우주선5스프라이트를  클릭했을때 
    ① 클릭변수를 1만큼 바꾼다. 
    ② 만약 클릭변수 = 5이라면 
           - 모양4로  바뀌고, 
           - 1초동안 착륙장으로 이동하고 숨긴다
        아니라면
           - 모양5로 바뀌고 게임이 종료된다.
[착륙장]
- 1. 착륙장은 게임이 시작하면 
지정한 위치에서 빙글빙글 회전한다.

2. 우주선5개가 모두 도착하면 
행성로 향해 가면서 작아지며 사라진다.
[행성]
- 행성은 아주 느린 속도로 회전하기를 반복한다."
STEP 4,연산 및 수학적 알고리즘을 활용한 게임만들기,Friday Night Funkin,329403126,https://scratch.mit.edu/projects/329403126/,https://uploads.scratch.mit.edu/get_image/project/329403126_480x360.png,"[Boyfriend]
- [개요]
펌프라는 리듬게임을 아시나요?

펌프는 네 종류의 화살표가 나타나면 각 방향키를 타이밍에 맞춰 눌러야 하는 리듬게임입니다. 

연속으로 맞출 시 연속점수가 올라가며 Awesome!의 모양이 바뀝니다.

원하는 음악을 이용해서 구현해봅시다!

[팁]
아래의 스프라이트 순서로 구현하면 이해하기 쉬워요.
Boyfriend -> Left,Down,Up,Right -> 왼, 아래, 위, 오른 -> Awesome!



[과정]

깃발 클릭했을 때
   - 모양을 Thumbnail로 바꾸기
   - music 재생하기
   - 보이기
   - ""점수"", ""연속점수""를 0으로 정하기


스페이스 키를 눌렀을 때
   - 모든 소리 끄기
   - 숨기기
   - ""게임시작"" 신호 보내기
[왼]
- 깃발 클릭했을 때
   - 숨기기
   - 크기를 100%로 정하기
   - x: -120, y:-140로 이동하기



""게임시작"" 신호를 받았을 때
   - 무한 반복하기
      - (랜덤한 초 기다리고 나 자신 복제하기)


- 복제되었을 때
    - 보이기
    - 벽에 닿았는가? 까지 반복하기
        - y좌표를 10만큼 바꾸기
        - 만약 왼쪽 화살표 키를 눌렀는가? 라면
            - (타이밍에 알맞게 눌렀을 때 ""점수"",""연속점수"" 1씩 증가하고 ""Awesome"" 신호 보내고 이 복제본 삭제하기,  아닐 때는 ""연속점수"" 0으로 정하기)

    - ""연속점수""를 0로 정하기
    - 이 복제본 삭제하기
[아래]
- 깃발 클릭했을 때
   - 숨기기
   - 크기를 100%로 정하기
   - x: -40, y:-140로 이동하기



(왼 스프라이트와 마찬가지로 구현해주세요)
[위]
- 깃발 클릭했을 때
   - 숨기기
   - 크기를 100%로 정하기
   - x: 40, y:-140로 이동하기


(왼 스프라이트와 마찬가지로 구현해주세요)
[오른]
- 깃발 클릭했을 때
   - 숨기기
   - 크기를 100%로 정하기
   - x: 120, y:-140로 이동하기


(왼 스프라이트와 마찬가지로 구현해주세요)
[Left]
- 깃발 클릭했을 때
   - 맨 뒤쪽로 순서 바꾸기
   - 크기를 100%로 정하기
   - x: -120, y: 140로 이동하기
[Down]
- 깃발 클릭했을 때
   - 맨 뒤쪽로 순서 바꾸기
   - 크기를 100%로 정하기
   - x: -40, y: 140로 이동하기
[Up]
- 깃발 클릭했을 때
   - 맨 뒤쪽로 순서 바꾸기
   - 크기를 100%로 정하기
   - x: 40, y: 140로 이동하기
[Right]
- 깃발 클릭했을 때
   - 맨 뒤쪽로 순서 바꾸기
   - 크기를 100%로 정하기
   - x: 120, y: 140로 이동하기
[Awesome!]
- 깃발 클릭했을 때
   - 숨기기



Awesome 신호를 받았을 때
- 모양을 1로 바꾸기
- (""연속점수""에 따라 모양을 각각 바꿔주세요)
- 보이기
-  0.5초 기다리기
- 10번 반복하기
   - 투명도 효과를 10만큼 바꾸기
- 그래픽 효과 지우기
- 숨기기"
STEP 4,연산 및 수학적 알고리즘을 활용한 게임만들기,축구공 헤딩,514819125,https://scratch.mit.edu/projects/514819125/,https://uploads.scratch.mit.edu/get_image/project/514819125_480x360.png,"[Monkey]
- [개요]
원숭이가 축구공을 헤딩하는 게임을 만들어 봅시다!

원숭이가 헤딩하는 방향에 따라 공의 방향도 정해집니다.
헤딩에 성공하면 점수를 1점 얻고, 공은 튕겨져 올라갔다가 1초뒤에 다시 떨어집니다.


[팁]
아래와 같은 순서로 구현하면 이해하기 쉬워요
스프라이트 1 -> Monkey -> Soccer Ball


- 깃발 클릭했을 때
   - 크기를 60% 로 정하기
   - x: 0, y: -120 로 이동하기
   - (좌, 우 키를 눌러 이동하는 것을 구현해 주세요.)
[Soccer Ball]
- - 깃발 클릭했을 때
   - x: 0, y: 50로 이동하기
   - ""점수""를 0으로 정하기  
   - 2초 기다리기
   - 180도 방향보기
   - 무한 반복하기
      - 벽에 닿으면 튕기기
      - 5만큼 움직이기


- 깃발 클릭했을 때
   - (원숭이에 닿았을 때
       1. 원숭이의 왼쪽에 맞으면 공이 왼쪽 방향으로, 오른쪽에 맞으면 공이 오른쪽 방향으로 튕기는 것을 구현
        2. ""중력""신호를 보내고
        3.""점수""를 1만큼 바꾸고,
        hint:  Monkey의 x좌표 이용하기,   튕겨지는 각도는 난수로 정해주세요.
      )
       
   - (땅에 닿았을 때 ""게임오버"" 신호를 보내고 모두 멈추기.)


- ""중력"" 신호를 받았을 때
   - 타이머 초기화
   - 무한 반복하기
      - 만약 타이머 > 1 라면
         - (180 - 방향)도 방향 보기
         - 이 스크립트 멈추기
[스프라이트 1]
- - 깃발 클릭했을 때
   - x: 0 , y: 0 로 이동하기
   - 숨기기


- ""게임오버"" 신호를 받았을 때
   - 보이기"
STEP 4,연산 및 수학적 알고리즘을 활용한 게임만들기,파쿠르,567831846,https://scratch.mit.edu/projects/567831846/,https://uploads.scratch.mit.edu/get_image/project/567831846_480x360.png,"[Stage]
- 난이도가 올라갈수록 배경을 직접 어렵게 만들어 봅시다.
[플레이어]
- [개요]

파쿠르를 아시나요?

벽을 뛰어넘거나 벽을 타면서 역동적으로 움직이는 행위입니다.

플레이어가 파쿠르를 하면서 노란색까지 도달하는 게임을 만들어 봅시다.




[과정]

깃발 클릭했을때
   - x: -223, y:-120로 이동하기
   - (좌,우 방향키를 눌렀을 때 3만큼 움직이고 모양도 바꾸되, 플레이어의 눈(검은자)가 벽(갈색)에 
      닿으면 반대로 3만큼 반대로 가주세요.)
- 깃발 클릭했을 때
  - 무한 반복하기
      - (빨간색과 노란색에 닿았을 때 각각 구현하기)



(??에 각각 알맞은 값을 넣어서 구현해주세요)
깃발 클릭했을 때
    - ""점프누름""변수를 0로 정하기
    - 무한 반복하기
       - 만약 위쪽 화살표키를 눌렀는가? 그리고 ""점프누름"" = 0 라면
           - ""중력"" 변수를 12로 정하기
           - ""중력"" = ?? 까지 반복하기
                - 모양을 up로 바꾸기
                - y좌표를 ??만큼 바꾸기
                - 중력을 -1 만큼 바꾸기
           - ""점프누름""을 ??로 정하기
            
       아니면
           - ""점프누름""을  ??로 정하기 
           - 중력을 0로 정하기
           -  벽(갈색)에 닿았는가? 까지 반복하기
               - y좌표를 ""중력""만큼 바꾸기
              - 중력을 ??만큼 바꾸기"
STEP 4,연산 및 수학적 알고리즘을 활용한 게임만들기,스카이콩콩,322780916,https://scratch.mit.edu/projects/322780916/,https://uploads.scratch.mit.edu/get_image/project/322780916_480x360.png,"[사람]
- [개요]

스카이 콩콩을 타고 아이템은 먹어가면서 동물(너구리, 토끼)과 장애물(해골, 폭탄)은 피해야 하는 게임을 만들어 봅시다!

사람은 상, 하, 좌, 우로 움직일 수 있으며 사람이 움직이면 동물들도 랜덤한 방향으로 움직입니다.

동물들에 닿으면 게임은 바로 종료되고, 장애물에 닿으면 목숨이 1씩 줄어듭니다. 아이템을 먹으면 점수가 1씩 증가합니다.


[팁]
아래의 순서로 스프라이트를 구현하면 이해하기 쉬워요.

사람 -> 해골 -> 아이템 -> 너구리, 토끼 


[과정]

깃발 클릭했을 때
   - ""목숨"", ""점수"" 변수 초기화
   - x: 0, y: 0로 이동하기 
   - (계속 콩콩 뛰는 것을 표현해 주세요. 2만큼 세 번, -2만큼 세 번.)


 ""내 블록""을 이용해서 ""왼쪽"", ""위"", ""오른쪽"", ""아래"" 정의하기. 아래는 ""왼쪽"" 예시

""왼쪽"" 정의하기
   -  -90도 방향보기
   - 모양을 ""사람옆"" 로 바꾸기
   - 4번 반복하기
        - x좌표를 -11만큼 바꾸기
   - 모양을 ""사람앞""으로 바꾸기 
   - ""동물움직이기"" 신호 보내기


깃발 클릭했을 때
   - (방향키를 누를 때 정의해놨던 블록을 이용해서 움직이는 동작 만들기)    
      (hint:   오른쪽: x좌표 < 220,   왼쪽: -220< x좌표,  위쪽: y좌표 < 132,   아래쪽:  -132 < y좌표)
[너구리]
- 너구리가 점프하는 모양을 코딩해주는 스크립트를 작성하세요.
- - 깃발 클릭했을 때
   - x: 44 * -5부터 5사이의 난수  y: 44* -3부터 3사이의 난수 로 이동하기 
   - (콩콩 뛰는 것을 표현해주세요.)


""사람"" 스프라이트에서 정의했듯이 ""위"",""아래,""왼쪽"",""오른쪽을"" 정의하세요.


- ""동물움직이기"" 신호를 받았을 때
   - (""너구리""변수를 사용하여 네 방향 중 랜덤한 방향으로 가는 것을 구현해주세요.)
[토끼]
- - 깃발 클릭했을 때
   - x: 44 * -5부터 5사이의 난수  y: 44 * -3부터 3사이의 난수 로 이동하기 
   - (콩콩 뛰는 것을 표현해주세요.)


""사람"" 스프라이트에서 정의했듯이 ""위"",""아래,""왼쪽"",""오른쪽을"" 정의하세요.


- ""동물움직이기"" 신호를 받았을 때
   - (""토끼""변수를 사용하여 네 방향중 랜덤한 방향으로 가는 것을 구현해주세요.)
[해골]
- - 깃발 클릭했을 때
   - 숨기기
   - (특정 시간마다 복제하기)


- 복제되었을 때
   - x: 44 * -5부터 5사이의 난수  y: 44* -3부터 3사이의 난수 -20 로 이동하기
   - 모양을 1부터 2 사이의 난수로 바꾸기
   - 보이기
   - (사람에 닿았을 때 목숨 감소하고 복제본 삭제하기)
[아이템]
- 복제되었을때①

만약 사람에 닿았다면 
점수를 1만큼 바꾸고.
숨긴후 복제본을 삭제한다.
- 복제되었을때②
무대 난수위치에서 
랜덤의 모양으로 보이고
2초 기다린후
숨기고 복제본을 삭제한다.
- 아이템은 해골과 비슷하게 5초마다 생기고 사람에게 닿으면 점수가 올라갑니다.

 x: 44 * -5부터 5사이의 난수  y: 44* -3부터 3사이의 난수 로 이동하기"
STEP 4,연산 및 수학적 알고리즘을 활용한 게임만들기,기억력게임(지층쌓기),289133417,https://scratch.mit.edu/projects/289133417/,https://uploads.scratch.mit.edu/get_image/project/289133417_480x360.png,"[문제지층1]
- 깃발 클릭했을 때
   - x: -150, y:-105로 이동하기
   - 숨기기


""게임시작"" 신호를 받았을 때
   - 숨기기
   - (""문제모양""을 랜덤한 값으로 정하기)
   - 모양을 ""문제모양""로 바꾸기
   - ""문제모양""을 ""정답지층"" 리스트에 추가하기
   - 보이기
[문제지층2]
- 깃발 클릭했을 때
   - x: -150, y:-65로 이동하기
   - 숨기기


""게임시작"" 신호를 받았을 때
  - 숨기기 
   - (0.5초 기다리고 문제지층1과 똑같이 구현)
[문제지층3]
- 깃발 클릭했을 때
   - x: -150, y:-25로 이동하기
   - 숨기기


""게임시작"" 신호를 받았을 때
  - 숨기기 
   - (1초 기다리고 문제지층1과 똑같이 구현)
[문제지층4]
- 깃발 클릭했을 때
   - x: -150, y:15로 이동하기
   - 숨기기


""게임시작"" 신호를 받았을 때
  - 숨기기 
   - (1.5초 기다리고 문제지층1과 똑같이 구현)
[문제지층5]
- 깃발 클릭했을 때
   - x: -150, y:55로 이동하기
   - 숨기기


""게임시작"" 신호를 받았을 때
  - 숨기기 
   - (2초 기다리고 문제지층1과 똑같이 구현)

   - 1초 기다리기
   - ""가림막"" 신호 보내기
[지층1]
- 깃발 클릭했을 때
   - x: 10, y:-105로 이동하기
   - 숨기기

""게임시작"" 신호를 받았을 때
   - 숨기기


""지층클릭"" 신호를 받았을 때
   - ""현재층"" = 1 이라면
        - (""클릭모양"" 변수를 사용해서 보이기)
        - 0.1초 기다리기
        - ""현재층""을 1만큼 바꾸기
[지층2]
- 깃발 클릭했을 때
   - x: 10, y:-65로 이동하기
   - 숨기기

""게임시작"" 신호를 받았을 때
   - 숨기기


""지층클릭"" 신호를 받았을 때
    - (지층1과 같이 ""현재층""변수를 고려해서 동일하게 구현하기)
[지층3]
- 깃발 클릭했을 때
   - x: 10, y:-25로 이동하기
   - 숨기기

""게임시작"" 신호를 받았을 때
   - 숨기기



""지층클릭"" 신호를 받았을 때
    - (지층1과 같이 ""현재층""변수를 고려해서 동일하게 구현하기)
[지층4]
- 깃발 클릭했을 때
   - x: 10, y:15로 이동하기
   - 숨기기

""게임시작"" 신호를 받았을 때
   - 숨기기


""지층클릭"" 신호를 받았을 때
    - (지층1과 같이 ""현재층""변수를 고려해서 동일하게 구현하기)
[지층5]
- 깃발 클릭했을 때
   - x: 10, y:55로 이동하기
   - 숨기기

""게임시작"" 신호를 받았을 때
   - 숨기기


""지층클릭"" 신호를 받았을 때
   - (""현재층"", ""클릭모양"" 변수를 사용해서 보이기)

   - 0.1초 기다리기
   - ""현재층""을 1만큼 바꾸기
[상태]
- [개요]
1초동안 쌓여지는 지층을 기억하고 똑같이 쌓는 게임을 구현해봅시다.


[변수]
문제모양: 맞춰야 하는 지층의 모양 (1 ~ 5)
클릭모양: 클릭한 지층의 모양 (1 ~ 5)
현재층: 현재까지 입력한 지층의 순서
정답여부: 정답지층과 입력지층이 동일하면 O, 아니면 X
n: 최종적으로 정답지층과 비교할 때 1씩 증가하는 변수


[리스트]
정답지층: 처음에 출제되는 지층이 순서대로 담기는 리스트
입력지층: 클릭한 지층이 순서대로 담기는 리스트
 

[스프라이트 구현순서]
상태 -> 문제지층 -> 가림막 -> 지층모양 -> 지층
- [과정]
깃발 클릭했을 때
   - ""현재층""변수 1로 정하기
   - x:0, y:0로 이동하기
   - 모양을 start로 바꾸기
   - 맨 앞쪽 순서 바꾸기
   - 보이기


이 스프라이트를 클릭했을 때
   - 숨기기
   - ""정답지층""의 항목을 모두 삭제하기
   - ""입력지층""의 항목을 모두 삭제하기
   - ""현재층"" 변수를 1로 정하기
   - ""게임시작"" 신호 보내기


""정답확인"" 신호를 받았을 때
   - 만약 ""정답여부"" = 'O'라면
       - 모양을 Success로 바꾸기
   - 아니면
       - 모양을 Fail로 바꾸기

   - 보이기
[가림막]
- ""가림막"" 신호 받았을때
   - 맨 앞쪽으로 순서 바꾸기
   - 보이기



""정답비교"" 신호를 받았을 때
   - 숨기기
   - ""정답여부""를 O로 정하기
   - n을 1로 정하기
   - (정답지층과 입력지층의 값을 순서대로 비교하여 정답여부 정하기)

   - 2초 기다리기
   - ""정답확인"" 신호 보내기
[지층모양1]
- 깃발 클릭했을 때
   - x: 175, y: 25로 이동하기
   - 보이기



이 스프라이트를 클릭했을 때
   - (""클릭모양"" 변수를 정하고 ""입력지층"" 리스트에 추가)
   - ""지층클릭"" 신호 보내기
[지층모양2]
- 깃발 클릭했을 때
   - x: 175, y: -5로 이동하기
   - 보이기



이 스프라이트를 클릭했을 때
   - (""클릭모양"" 변수를 정하고 ""입력지층"" 리스트에 추가)
   - ""지층클릭"" 신호 보내기
[지층모양3]
- 깃발 클릭했을 때
   - x: 175, y: -40로 이동하기
   - 보이기



이 스프라이트를 클릭했을 때
   - (""클릭모양"" 변수를 정하고 ""입력지층"" 리스트에 추가)
   - ""지층클릭"" 신호 보내기
[지층모양4]
- 깃발 클릭했을 때
   - x: 175, y: -75로 이동하기
   - 보이기



이 스프라이트를 클릭했을 때
   - (""클릭모양"" 변수를 정하고 ""입력지층"" 리스트에 추가)
   - ""지층클릭"" 신호 보내기
[지층모양5]
- 깃발 클릭했을 때
   - x: 175, y: -110로 이동하기
   - 보이기



이 스프라이트를 클릭했을 때
   - (""클릭모양"" 변수를 정하고 ""입력지층"" 리스트에 추가)
   - ""지층클릭"" 신호 보내기"
STEP 4,연산 및 수학적 알고리즘을 활용한 게임만들기,타워점프,407547898,https://scratch.mit.edu/projects/407547898/,https://uploads.scratch.mit.edu/get_image/project/407547898_480x360.png,"[감점블럭]
- bomb 으로 대체하기"
STEP 4,연산 및 수학적 알고리즘을 활용한 게임만들기,달걀을지켜라,211431423,https://scratch.mit.edu/projects/211431423/,https://uploads.scratch.mit.edu/get_image/project/211431423_480x360.png,"[Stage]
- - 랜덤하게 기다리기- 알낳기1-5 랜덤하게 방송하기( 임시 변수 이용)
[프라이팬]
- - 주인공의 방향과 위치 따라가게 하기
[닭1]
- - 닭이 알낳는 모습으로... - 현재 스프라이트 모양 저장하기- 알낳기(복제)
[닭2]
- - 닭이 알낳는 모습으로... - 현재 스프라이트 모양 저장하기- 알낳기(복제)
[닭3]
- - 닭이 알낳는 모습으로... - 현재 스프라이트 모양 저장하기- 알낳기(복제)
[닭4]
- - 닭이 알낳는 모습으로... - 현재 스프라이트 모양 저장하기- 알낳기(복제)
[닭5]
- - 닭이 알낳는 모습으로... - 현재 스프라이트 모양 저장하기- 알낳기(복제)"
STEP 5,연산 및 수학적 알고리즘을 활용한 게임만들기,분자나라를 구해라,281290815,https://scratch.mit.edu/projects/281290815/,https://uploads.scratch.mit.edu/get_image/project/281290815_480x360.png,"[나트륨]
- 시험관대포 위치에서 시작
- 1. 시험관대포 방향으로
2. '힘' 변수 만큼 거리 이동!
3. 장애물이나 염소에 닿으면 사라지기, 점수 변수값 증가하기
4. 사라지고 나면 남은 나트륨 다음 모양 방송하고 기다리기
[파워]
- 힘 변수가 10보다 크지않게

힘 변수가 1보다 작지 않게"
STEP 5,연산 및 수학적 알고리즘을 활용한 게임만들기,산성비를 없애라,207956403,https://scratch.mit.edu/projects/207956403/,https://uploads.scratch.mit.edu/get_image/project/207956403_480x360.png,(등록된 주석 없음)
STEP 5,연산 및 수학적 알고리즘을 활용한 게임만들기,평균 구하기,695563342,https://scratch.mit.edu/projects/695563342/,https://uploads.scratch.mit.edu/get_image/project/695563342_480x360.png,(등록된 주석 없음)
STEP 5,연산 및 수학적 알고리즘을 활용한 게임만들기,최소공배수,635385866,https://scratch.mit.edu/projects/635385866/,https://uploads.scratch.mit.edu/get_image/project/635385866_480x360.png,"[스프라이트 1]
- [개요]
최대 공약수에 이어서 이번엔 최소 공배수를 구하는 프로그램을 만들어봅시다!



[과정]

- 깃발 클릭했을 때
   - ""첫 번째 숫자 입력하기"" 묻고 기다리기
   - 'A'변수를 대답으로 정하기
   - ""두 번째 숫자 입력하기"" 묻고 기다리기
   - 'B'변수를 대답으로 정하기
  
   - (n은 최소 공배수가 될 때 까지 1씩 증가합니다. 최대 몇번 반복해야 할까요?)
        - (A,B와 n을 사용한 최소 공배수가 되는 조건은 무엇일까요?) 
  


[생각해보기]
최대 공약수를 이용하여 최소공배수를 어떻게 구할 수 있을까요?"
STEP 5,연산 및 수학적 알고리즘을 활용한 게임만들기,로또번호 추출기,717908813,https://scratch.mit.edu/projects/717908813/,https://uploads.scratch.mit.edu/get_image/project/717908813_480x360.png,(등록된 주석 없음)
STEP 5,연산 및 수학적 알고리즘을 활용한 게임만들기,화살표 피하기 게임,717107527,https://scratch.mit.edu/projects/717107527/,https://uploads.scratch.mit.edu/get_image/project/717107527_480x360.png,(등록된 주석 없음)
STEP 5,연산 및 수학적 알고리즘을 활용한 게임만들기,무한의 계단,563094812,https://scratch.mit.edu/projects/563094812/,https://uploads.scratch.mit.edu/get_image/project/563094812_480x360.png,(등록된 주석 없음)
STEP 5,연산 및 수학적 알고리즘을 활용한 게임만들기,랜덤길 만들기,551314055,https://scratch.mit.edu/projects/551314055/,https://uploads.scratch.mit.edu/get_image/project/551314055_480x360.png,(등록된 주석 없음)
STEP 5,연산 및 수학적 알고리즘을 활용한 게임만들기,T-Rex Runner,437482596,https://scratch.mit.edu/projects/437482596/,https://uploads.scratch.mit.edu/get_image/project/437482596_480x360.png,(등록된 주석 없음)
STEP 5,연산 및 수학적 알고리즘을 활용한 게임만들기,펜아트,550690184,https://scratch.mit.edu/projects/550690184/,https://uploads.scratch.mit.edu/get_image/project/550690184_480x360.png,"[스프라이트 1]
- [개요]
펜 기능을 사용하여 선이 끊기지 않고 점점 도형이 커지는 펜아트를 만들어 봅시다.
예를 들어 그리는 도형이 사각형이라면, 모서리 2개를 그린 후 선의 길이를 늘리고 다음 모서리 2개를 그려야 합니다.
최소 삼각형부터 그릴 수 있어야 합니다.


[과정]
◎ 🏴클릭했을 때
1. 스프라이트를 숨기고, 그리고 싶은 도형의 모서리 개수와 선의 길이를 묻고 대답을 각 변수에 저장하기
(단, 모서리 개수는 2보다 커야 함)
2. 시작 위치와 방향, 펜 색깔과 굵기 정하기
3. 선의 길이만큼 움직이고 도형의 외각만큼 회전한 후 펜 색깔을 1만큼 바꾸기
4. 3번 과정을 도형의 종류에 따라 다른 횟수만큼 반복한 다음 선의 길이를 5만큼 바꾸기  ==> 조건문 활용하기
5. 4번 과정을 무한 반복하기



Q1. 선의 길이가 길어지다가 300을 넘으면 반복을 멈추는 코드로 수정해 봅시다.
Q2. 4번 과정을 조건문이 아니라 연산을 사용해서 간단하게 바꾸어 봅시다. 
(힌트: 도형의 모서리 개수 변수와 연산 블록을 활용합니다. 각 도형마다 몇 번 반복하게 되나요? 
모서리 개수 나누기 2를 계산해보면 어떤 수가 나오나요?)"
STEP 6,난이도 높은 수학 알고리즘을 응용한 게임만들기,정렬,677967178,https://scratch.mit.edu/projects/677967178/,https://uploads.scratch.mit.edu/get_image/project/677967178_480x360.png,(등록된 주석 없음)
STEP 6,난이도 높은 수학 알고리즘을 응용한 게임만들기,정렬,470015070,https://scratch.mit.edu/projects/470015070/,https://uploads.scratch.mit.edu/get_image/project/470015070_480x360.png,"[오름차순]
- 오름차순
[내림차순]
- 내림차순"
STEP 6,난이도 높은 수학 알고리즘을 응용한 게임만들기,유클리드호제법(최대공약수구하기),539349813,https://scratch.mit.edu/projects/539349813/,https://uploads.scratch.mit.edu/get_image/project/539349813_480x360.png,(등록된 주석 없음)
STEP 6,난이도 높은 수학 알고리즘을 응용한 게임만들기,카프리카(6174)상수,322893046,https://scratch.mit.edu/projects/322893046/,https://uploads.scratch.mit.edu/get_image/project/322893046_480x360.png,"[스프라이트 1]
- 작은수부터
- 큰수부터"
STEP 6,난이도 높은 수학 알고리즘을 응용한 게임만들기,사다리게임,550688320,https://scratch.mit.edu/projects/550688320/,https://uploads.scratch.mit.edu/get_image/project/550688320_480x360.png,"[스프라이트 2]
- 닿았다면
검정색에 닿을때까지 반복하기"
STEP 6,난이도 높은 수학 알고리즘을 응용한 게임만들기,기억력게임(카드맞추기1),464620814,https://scratch.mit.edu/projects/464620814/,https://uploads.scratch.mit.edu/get_image/project/464620814_480x360.png,(등록된 주석 없음)
STEP 6,난이도 높은 수학 알고리즘을 응용한 게임만들기,기억력게임(카드맞추기2),460399081,https://scratch.mit.edu/projects/460399081/,https://uploads.scratch.mit.edu/get_image/project/460399081_480x360.png,(등록된 주석 없음)
STEP 6,난이도 높은 수학 알고리즘을 응용한 게임만들기,랜덤길 만들기,475595515,https://scratch.mit.edu/projects/475595515/,https://uploads.scratch.mit.edu/get_image/project/475595515_480x360.png,"[스프라이트 2]
- x : 24

y : 18"
